price_id,product_id,vendor_id,size_id,price,size_name,code,mod,addamt,newprice
134,33,4,26,15,N/A,SM-C821,1,0,15
376,89,1,1,19.98,Extra Small (XS),DT156,1,0,19.98
377,89,1,2,19.98,Small (S),DT156,1,0,19.98
378,89,1,3,19.98,Medium (M),DT156,1,0,19.98
379,89,1,4,19.98,Large (L),DT156,1,0,19.98
380,89,1,5,19.98,Extra Large (XL),DT156,1,0,19.98
381,89,1,6,21.98,2X Large (2XL),DT156,1,0,21.98
382,89,1,7,25.98,3X Large (3XL),DT156,1,2,27.98
388,91,1,15,23.98,Large & Tall (LT),TLCS418,2,6,29.98
389,91,1,16,23.98,Extra Large & Tall (XLT),TLCS418,2,0,23.98
390,91,1,17,23.98,2X Large & Tall (2XLT),TLCS418,2,2,25.98
391,91,1,18,23.98,3X Large & Tall (3XLT),TLCS418,2,4,27.98
392,91,1,19,23.98,4X Large & Tall (4XLT),TLCS418,2,6,29.98
473,108,1,1,22.42,Extra Small (XS),LK583,1,8,30.42
474,108,1,2,22.42,Small (S),LK583,1,0,22.42
475,108,1,3,22.42,Medium (M),LK583,1,0,22.42
476,108,1,4,22.42,Large (L),LK583,1,0,22.42
477,108,1,5,22.42,Extra Large (XL),LK583,1,0,22.42
478,108,1,6,22.42,2X Large (2XL),LK583,1,0,22.42
479,108,1,7,22.42,3X Large (3XL),LK583,1,2,24.42
480,108,1,8,22.42,4X Large (4XL),LK583,1,6,28.42
481,109,1,1,5.98,Extra Small (XS),LPC380,11,8,13.98
482,109,1,2,5.98,Small (S),LPC380,11,0,5.98
483,109,1,3,5.98,Medium (M),LPC380,11,0,5.98
484,109,1,4,5.98,Large (L),LPC380,11,0,5.98
485,109,1,5,5.98,Extra Large (XL),LPC380,11,0,5.98
486,109,1,6,5.98,2X Large (2XL),LPC380,11,0,5.98
487,109,1,7,5.98,3X Large (3XL),LPC380,11,2,7.98
488,109,1,8,5.98,4X Large (4XL),LPC380,11,4,9.98
557,120,1,1,60,Extra Small (XS),BB18203,14,4,64
558,120,1,2,60,Small (S),BB18203,14,0,60
559,120,1,3,60,Medium (M),BB18203,14,0,60
560,120,1,4,60,Large (L),BB18203,14,0,60
561,120,1,5,60,Extra Large (XL),BB18203,14,0,60
562,120,1,6,60,2X Large (2XL),BB18203,14,0,60
563,120,1,7,60,3X Large (3XL),BB18203,14,2,62
564,120,1,8,60,4X Large (4XL),BB18203,14,5,65
596,125,1,26,8.14,N/A,BG410,0,7,15.14
617,132,1,15,33.98,Large & Tall (LT),TLS600T,2,0,33.98
618,132,1,16,33.98,Extra Large & Tall (XLT),TLS600T,2,0,33.98
619,132,1,17,33.98,2X Large & Tall (2XLT),TLS600T,2,2,35.98
620,132,1,18,33.98,3X Large & Tall (3XLT),TLS600T,2,4,37.98
621,132,1,19,33.98,4X Large & Tall (4XLT),TLS600T,2,6,39.98
683,146,1,15,61.98,Large & Tall (LT),TLJ754,17,8,69.98
684,146,1,16,61.98,Extra Large & Tall (XLT),TLJ754,17,0,61.98
685,146,1,17,61.98,2X Large & Tall (2XLT),TLJ754,17,4,65.98
686,146,1,18,61.98,3X Large & Tall (3XLT),TLJ754,17,8,69.98
687,146,1,19,61.98,4X Large & Tall (4XLT),TLJ754,17,12,73.98
693,148,1,15,65.26,Large & Tall (LT),TLJ790,17,16,81.26
694,148,1,16,65.26,Extra Large & Tall (XLT),TLJ790,17,0,65.26
695,148,1,17,65.26,2X Large & Tall (2XLT),TLJ790,17,4,69.26
696,148,1,18,65.26,3X Large & Tall (3XLT),TLJ790,17,8,73.26
697,148,1,19,65.26,4X Large & Tall (4XLT),TLJ790,17,12,77.26
713,152,1,2,8.86,Small (S),BC6400,18,16,24.86
714,152,1,3,8.86,Medium (M),BC6400,18,0,8.86
715,152,1,4,8.86,Large (L),BC6400,18,0,8.86
716,152,1,5,8.86,Extra Large (XL),BC6400,18,0,8.86
717,152,1,6,8.86,2X Large (2XL),BC6400,18,0,8.86
804,171,1,1,45,Extra Small (XS),BB18005,19,3,48
805,171,1,2,45,Small (S),BB18005,19,0,45
806,171,1,3,45,Medium (M),BB18005,19,0,45
807,171,1,4,45,Large (L),BB18005,19,0,45
808,171,1,5,45,Extra Large (XL),BB18005,19,0,45
809,171,1,6,45,2X Large (2XL),BB18005,19,0,45
810,171,1,7,45,3X Large (3XL),BB18005,19,1.67,46.67
811,171,1,8,45,4X Large (4XL),BB18005,19,5,50
886,181,1,2,64,Small (S),BB18008,19,6.67,70.67
887,181,1,3,64,Medium (M),BB18008,19,0,64
888,181,1,4,64,Large (L),BB18008,19,0,64
889,181,1,5,64,Extra Large (XL),BB18008,19,0,64
890,181,1,6,64,2X Large (2XL),BB18008,19,0,64
891,181,1,7,64,3X Large (3XL),BB18008,19,1.67,65.67
892,181,1,8,64,4X Large (4XL),BB18008,19,5,69
901,183,1,1,25.98,Extra Small (XS),K831,1,6.67,32.65
902,183,1,2,25.98,Small (S),K831,1,0,25.98
903,183,1,3,25.98,Medium (M),K831,1,0,25.98
904,183,1,4,25.98,Large (L),K831,1,0,25.98
905,183,1,5,25.98,Extra Large (XL),K831,1,0,25.98
906,183,1,6,25.98,2X Large (2XL),K831,1,0,25.98
907,183,1,7,25.98,3X Large (3XL),K831,1,2,27.98
908,183,1,8,25.98,4X Large (4XL),K831,1,6,31.98
918,185,3,2,17.5,Small (S),18500,20,8,25.5
919,185,3,3,17.5,Medium (M),18500,20,0,17.5
920,185,3,4,17.5,Large (L),18500,20,0,17.5
921,185,3,5,17.5,Extra Large (XL),18500,20,0,17.5
922,185,3,6,17.5,2X Large (2XL),18500,20,0,17.5
923,185,3,7,17.5,3X Large (3XL),18500,20,4.65,22.15
924,185,3,8,17.5,4X Large (4XL),18500,20,5.65,23.15
926,186,4,2,5,Small (S),SM-8000,21,5.65,10.65
927,186,4,3,5,Medium (M),SM-8000,21,0,5
928,186,4,4,5,Large (L),SM-8000,21,0,5
929,186,4,5,5,Extra Large (XL),SM-8000,21,0,5
930,186,4,6,5,2X Large (2XL),SM-8000,21,0,5
931,186,4,7,5,3X Large (3XL),SM-8000,21,3,8
932,186,4,8,5,4X Large (4XL),SM-8000,21,5,10
934,187,4,2,8,Small (S),SM-8400,21,5,13
935,187,4,3,8,Medium (M),SM-8400,21,0,8
936,187,4,4,8,Large (L),SM-8400,21,0,8
937,187,4,5,8,Extra Large (XL),SM-8400,21,0,8
938,187,4,6,8,2X Large (2XL),SM-8400,21,0,8
940,188,4,2,19,Small (S),SM-996M,21,3,22
941,188,4,3,19,Medium (M),SM-996M,21,0,19
942,188,4,4,19,Large (L),SM-996M,21,0,19
943,188,4,5,19,Extra Large (XL),SM-996M,21,0,19
944,188,4,6,19,2X Large (2XL),SM-996M,21,0,19
945,188,4,7,19,3X Large (3XL),SM-996M,21,3,22
947,189,4,2,44,Small (S),SM-BB18004,21,5,49
948,189,4,3,44,Medium (M),SM-BB18004,21,0,44
949,189,4,4,44,Large (L),SM-BB18004,21,0,44
950,189,4,5,44,Extra Large (XL),SM-BB18004,21,0,44
951,189,4,6,44,2X Large (2XL),SM-BB18004,21,0,44
953,191,4,26,9,N/A,SM-C812,1,3,12
954,194,4,1,17,Extra Small (XS),SM-DT156,21,0,17
955,194,4,2,17,Small (S),SM-DT156,21,0,17
956,194,4,3,17,Medium (M),SM-DT156,21,0,17
957,194,4,4,17,Large (L),SM-DT156,21,0,17
958,194,4,5,17,Extra Large (XL),SM-DT156,21,0,17
959,194,4,6,17,2X Large (2XL),SM-DT156,21,0,17
960,194,4,7,17,3X Large (3XL),SM-DT156,21,3,20
961,194,4,8,17,4X Large (4XL),SM-DT156,21,5,22
963,196,1,1,29.98,Extra Small (XS),L151,1,5,34.98
964,196,1,2,29.98,Small (S),L151,1,0,29.98
965,196,1,3,29.98,Medium (M),L151,1,0,29.98
966,196,1,4,29.98,Large (L),L151,1,0,29.98
967,196,1,5,29.98,Extra Large (XL),L151,1,0,29.98
968,196,1,6,29.98,2X Large (2XL),L151,1,0,29.98
969,196,1,7,29.98,3X Large (3XL),L151,1,2,31.98
970,196,1,8,29.98,4X Large (4XL),L151,1,6,35.98
971,197,1,1,42,Extra Small (XS),BB18007,14,8,50
972,197,1,2,42,Small (S),BB18007,14,0,42
973,197,1,3,42,Medium (M),BB18007,14,0,42
974,197,1,4,42,Large (L),BB18007,14,0,42
975,197,1,5,42,Extra Large (XL),BB18007,14,0,42
976,197,1,6,42,2X Large (2XL),BB18007,14,0,42
977,197,1,7,42,3X Large (3XL),BB18007,14,2,44
978,197,1,8,42,4X Large (4XL),BB18007,14,5,47
979,198,1,1,35.98,Extra Small (XS),L543,1,7,42.98
980,198,1,2,35.98,Small (S),L543,1,0,35.98
981,198,1,3,35.98,Medium (M),L543,1,0,35.98
982,198,1,4,35.98,Large (L),L543,1,0,35.98
983,198,1,5,35.98,Extra Large (XL),L543,1,0,35.98
984,198,1,6,35.98,2X Large (2XL),L543,1,0,35.98
985,198,1,7,35.98,3X Large (3XL),L543,1,2,37.98
986,198,1,8,35.98,4X Large (4XL),L543,1,6,41.98
987,199,1,1,36.5,Extra Small (XS),LOG130,1,8,44.5
988,199,1,2,36.5,Small (S),LOG130,1,0,36.5
989,199,1,3,36.5,Medium (M),LOG130,1,0,36.5
990,199,1,4,36.5,Large (L),LOG130,1,0,36.5
991,199,1,5,36.5,Extra Large (XL),LOG130,1,0,36.5
992,199,1,6,36.5,2X Large (2XL),LOG130,1,0,36.5
993,199,1,7,36.5,3X Large (3XL),LOG130,1,2,38.5
994,199,1,8,36.5,4X Large (4XL),LOG130,1,6,42.5
995,200,1,1,24.98,Extra Small (XS),LST653,1,8,32.98
996,200,1,2,24.98,Small (S),LST653,1,0,24.98
997,200,1,3,24.98,Medium (M),LST653,1,0,24.98
998,200,1,4,24.98,Large (L),LST653,1,0,24.98
999,200,1,5,24.98,Extra Large (XL),LST653,1,0,24.98
1000,200,1,6,24.98,2X Large (2XL),LST653,1,0,24.98
1001,200,1,7,24.98,3X Large (3XL),LST653,1,2,26.98
1002,200,1,8,24.98,4X Large (4XL),LST653,1,6,30.98
1003,201,1,1,39.98,Extra Small (XS),LSW285,1,8,47.98
1004,201,1,2,39.98,Small (S),LSW285,1,0,39.98
1005,201,1,3,39.98,Medium (M),LSW285,1,0,39.98
1006,201,1,4,39.98,Large (L),LSW285,1,0,39.98
1007,201,1,5,39.98,Extra Large (XL),LSW285,1,0,39.98
1008,201,1,6,39.98,2X Large (2XL),LSW285,1,0,39.98
1009,201,1,7,39.98,3X Large (3XL),LSW285,1,2,41.98
1010,201,1,8,39.98,4X Large (4XL),LSW285,1,6,45.98
1011,206,1,1,46,Extra Small (XS),266998,1,8,54
1012,206,1,2,46,Small (S),266998,1,0,46
1013,206,1,3,46,Medium (M),266998,1,0,46
1014,206,1,4,46,Large (L),266998,1,0,46
1015,206,1,5,46,Extra Large (XL),266998,1,0,46
1016,206,1,6,46,2X Large (2XL),266998,1,0,46
1017,206,1,7,46,3X Large (3XL),266998,1,2,48
1018,206,1,8,46,4X Large (4XL),266998,1,6,52
1019,207,1,11,41.98,7X Large (7XL),S608ES,22,8,49.98
1020,207,1,12,41.98,8X Large (8XL),S608ES,22,0,41.98
1021,207,1,13,41.98,9X Large (9XL),S608ES,22,2,43.98
1022,207,1,14,41.98,10X Large (10XL),S608ES,22,6,47.98
1023,208,1,1,18.98,Extra Small (XS),ST695,1,8,26.98
1024,208,1,2,18.98,Small (S),ST695,1,0,18.98
1025,208,1,3,18.98,Medium (M),ST695,1,0,18.98
1026,208,1,4,18.98,Large (L),ST695,1,0,18.98
1027,208,1,5,18.98,Extra Large (XL),ST695,1,0,18.98
1028,208,1,6,18.98,2X Large (2XL),ST695,1,0,18.98
1029,208,1,7,18.98,3X Large (3XL),ST695,1,2,20.98
1030,208,1,8,18.98,4X Large (4XL),ST695,1,6,24.98
1031,209,1,1,15.98,Extra Small (XS),L572,1,8,23.98
1032,209,1,2,15.98,Small (S),L572,1,0,15.98
1033,209,1,3,15.98,Medium (M),L572,1,0,15.98
1034,209,1,4,15.98,Large (L),L572,1,0,15.98
1035,209,1,5,15.98,Extra Large (XL),L572,1,0,15.98
1036,209,1,6,15.98,2X Large (2XL),L572,1,0,15.98
1037,209,1,7,15.98,3X Large (3XL),L572,1,2,17.98
1040,212,4,2,5,Small (S),SM-64000L,13,6,11
1041,212,4,3,5,Medium (M),SM-64000L,13,0,5
1042,212,4,4,5,Large (L),SM-64000L,13,0,5
1043,212,4,5,5,Extra Large (XL),SM-64000L,13,0,5
1044,212,4,6,5,2X Large (2XL),SM-64000L,13,0,5
1050,221,4,2,24,Small (S),SM-CS10,9999,3.3,27.3
1051,221,4,3,24,Medium (M),SM-CS10,9999,0,24
1052,221,4,4,24,Large (L),SM-CS10,9999,0,24
1053,221,4,5,24,Extra Large (XL),SM-CS10,9999,0,24
1054,221,4,6,24,2X Large (2XL),SM-CS10,9999,0,24
1055,221,4,7,24,3X Large (3XL),SM-CS10,9999,0,24
1056,221,4,8,24,4X Large (4XL),SM-CS10,9999,0,24
1057,221,4,9,24,5X Large (5XL),SM-CS10,9999,0,24
1058,226,4,2,46,Small (S),SM-CT102417,9999,0,46
1059,226,4,3,46,Medium (M),SM-CT102417,9999,0,46
1060,226,4,4,46,Large (L),SM-CT102417,9999,0,46
1061,226,4,5,46,Extra Large (XL),SM-CT102417,9999,0,46
1062,226,4,6,46,2X Large (2XL),SM-CT102417,9999,0,46
1063,226,4,7,46,3X Large (3XL),SM-CT102417,9999,0,46
1064,227,4,1,89,Extra Small (XS),SM-J321,9999,0,89
1065,227,4,2,89,Small (S),SM-J321,9999,0,89
1066,227,4,3,89,Medium (M),SM-J321,9999,0,89
1067,227,4,4,89,Large (L),SM-J321,9999,0,89
1068,227,4,5,89,Extra Large (XL),SM-J321,9999,0,89
1069,227,4,6,89,2X Large (2XL),SM-J321,9999,0,89
1070,227,4,7,89,3X Large (3XL),SM-J321,9999,0,89
1071,227,4,8,89,4X Large (4XL),SM-J321,9999,0,89
1072,230,4,15,27,Large & Tall (LT),SM-CTTK87,9999,0,27
1073,230,4,16,27,Extra Large & Tall (XLT),SM-CTTK87,9999,0,27
1074,230,4,17,27,2X Large & Tall (2XLT),SM-CTTK87,9999,0,27
1075,230,4,18,27,3X Large & Tall (3XLT),SM-CTTK87,9999,0,27
1076,232,4,1,18,Extra Small (XS),SM-CS419,9999,0,18
1077,232,4,2,18,Small (S),SM-CS419,9999,0,18
1078,232,4,3,18,Medium (M),SM-CS419,9999,0,18
1079,232,4,4,18,Large (L),SM-CS419,9999,0,18
1080,232,4,5,18,Extra Large (XL),SM-CS419,9999,0,18
1081,232,4,6,18,2X Large (2XL),SM-CS419,9999,0,18
1082,232,4,7,18,3X Large (3XL),SM-CS419,9999,0,18
1083,232,4,8,18,4X Large (4XL),SM-CS419,9999,0,18
1084,240,4,1,46,Extra Small (XS),SM-CS626,9999,0,46
1085,240,4,2,46,Small (S),SM-CS626,9999,0,46
1086,240,4,3,46,Medium (M),SM-CS626,9999,0,46
1087,240,4,4,46,Large (L),SM-CS626,9999,0,46
1088,240,4,5,46,Extra Large (XL),SM-CS626,9999,0,46
1089,240,4,6,46,2X Large (2XL),SM-CS626,9999,0,46
1090,240,4,7,46,3X Large (3XL),SM-CS626,9999,0,46
1091,240,4,8,46,4X Large (4XL),SM-CS626,9999,0,46
1092,242,4,1,21,Extra Small (XS),SM-CS20,9999,0,21
1093,242,4,2,21,Small (S),SM-CS20,9999,0,21
1094,242,4,3,21,Medium (M),SM-CS20,9999,0,21
1095,242,4,4,21,Large (L),SM-CS20,9999,0,21
1096,242,4,5,21,Extra Large (XL),SM-CS20,9999,0,21
1097,242,4,6,21,2X Large (2XL),SM-CS20,9999,0,21
1098,242,4,7,21,3X Large (3XL),SM-CS20,9999,0,21
1099,242,4,8,21,4X Large (4XL),SM-CS20,9999,0,21
1100,242,4,9,21,5X Large (5XL),SM-CS20,9999,0,21
1101,247,4,1,28,Extra Small (XS),SM-CS410,9999,0,28
1102,247,4,2,28,Small (S),SM-CS410,9999,0,28
1103,247,4,3,28,Medium (M),SM-CS410,9999,0,28
1104,247,4,4,28,Large (L),SM-CS410,9999,0,28
1105,247,4,5,28,Extra Large (XL),SM-CS410,9999,0,28
1106,247,4,6,28,2X Large (2XL),SM-CS410,9999,0,28
1107,247,4,7,28,3X Large (3XL),SM-CS410,9999,0,28
1108,247,4,8,28,4X Large (4XL),SM-CS410,9999,0,28
1109,247,4,10,28,6X Large (6XL),SM-CS410,9999,0,28
1111,248,4,1,23,Extra Small (XS),SM-F219,9999,0,23
1112,248,4,2,23,Small (S),SM-F219,9999,0,23
1113,248,4,3,23,Medium (M),SM-F219,9999,0,23
1114,248,4,4,23,Large (L),SM-F219,9999,0,23
1115,248,4,5,23,Extra Large (XL),SM-F219,9999,0,23
1116,248,4,6,23,2X Large (2XL),SM-F219,9999,0,23
1117,248,4,7,23,3X Large (3XL),SM-F219,9999,0,23
1118,248,4,8,23,4X Large (4XL),SM-F219,9999,0,23
1119,248,4,9,23,5X Large (5XL),SM-F219,9999,0,23
1121,250,4,1,74,Extra Small (XS),SM-CT100614,9999,0,74
1122,250,4,2,74,Small (S),SM-CT100614,9999,0,74
1123,250,4,3,74,Medium (M),SM-CT100614,9999,0,74
1124,250,4,4,74,Large (L),SM-CT100614,9999,0,74
1125,250,4,5,74,Extra Large (XL),SM-CT100614,9999,0,74
1126,250,4,6,74,2X Large (2XL),SM-CT100614,9999,0,74
1127,250,4,7,74,3X Large (3XL),SM-CT100614,9999,0,74
1128,254,4,1,47,Extra Small (XS),SM-CSJ25,9999,0,47
1129,254,4,2,47,Small (S),SM-CSJ25,9999,0,47
1130,254,4,3,47,Medium (M),SM-CSJ25,9999,0,47
1131,254,4,4,47,Large (L),SM-CSJ25,9999,0,47
1132,254,4,5,47,Extra Large (XL),SM-CSJ25,9999,0,47
1133,254,4,6,47,2X Large (2XL),SM-CSJ25,9999,0,47
1134,254,4,7,47,3X Large (3XL),SM-CSJ25,9999,0,47
1135,256,4,1,33,Extra Small (XS),SM-J317,9999,0,33
1136,256,4,2,33,Small (S),SM-J317,9999,0,33
1137,256,4,3,33,Medium (M),SM-J317,9999,0,33
1138,256,4,4,33,Large (L),SM-J317,9999,0,33
1139,256,4,5,33,Extra Large (XL),SM-J317,9999,0,33
1140,256,4,6,33,2X Large (2XL),SM-J317,9999,0,33
1141,256,4,7,33,3X Large (3XL),SM-J317,9999,0,33
1142,256,4,8,33,4X Large (4XL),SM-J317,9999,0,33
1143,256,4,10,33,6X Large (6XL),SM-J317,9999,0,33
1144,256,4,11,33,7X Large (7XL),SM-J317,9999,0,33
1145,257,4,1,28,Extra Small (XS),SM-CS411,9999,0,28
1146,257,4,2,28,Small (S),SM-CS411,9999,0,28
1147,257,4,3,28,Medium (M),SM-CS411,9999,0,28
1148,257,4,4,28,Large (L),SM-CS411,9999,0,28
1149,257,4,5,28,Extra Large (XL),SM-CS411,9999,0,28
1150,257,4,6,28,2X Large (2XL),SM-CS411,9999,0,28
1151,257,4,7,28,3X Large (3XL),SM-CS411,9999,0,28
1152,257,4,8,28,4X Large (4XL),SM-CS411,9999,0,28
1153,260,4,1,9,Extra Small (XS),SM-DM1350L,9999,0,9
1154,260,4,2,9,Small (S),SM-DM1350L,9999,0,9
1155,260,4,3,9,Medium (M),SM-DM1350L,9999,0,9
1156,260,4,4,9,Large (L),SM-DM1350L,9999,0,9
1157,260,4,5,9,Extra Large (XL),SM-DM1350L,9999,0,9
1158,260,4,6,9,2X Large (2XL),SM-DM1350L,9999,0,9
1159,260,4,7,9,3X Large (3XL),SM-DM1350L,9999,0,9
1160,260,4,8,9,4X Large (4XL),SM-DM1350L,9999,0,9
1161,265,4,1,68,Extra Small (XS),SM-CSJ24,9999,0,68
1162,265,4,2,68,Small (S),SM-CSJ24,9999,0,68
1163,265,4,3,68,Medium (M),SM-CSJ24,9999,0,68
1164,265,4,4,68,Large (L),SM-CSJ24,9999,0,68
1165,265,4,5,68,Extra Large (XL),SM-CSJ24,9999,0,68
1166,265,4,6,68,2X Large (2XL),SM-CSJ24,9999,0,68
1167,265,4,7,68,3X Large (3XL),SM-CSJ24,9999,0,68
1168,268,4,2,25,Small (S),SM-CS10LONG,9999,0,25
1169,268,4,3,25,Medium (M),SM-CS10LONG,9999,0,25
1170,268,4,4,25,Large (L),SM-CS10LONG,9999,0,25
1171,268,4,5,25,Extra Large (XL),SM-CS10LONG,9999,0,25
1172,268,4,6,25,2X Large (2XL),SM-CS10LONG,9999,0,25
1173,270,4,1,9,Extra Small (XS),SM-DT7501,9999,0,9
1174,270,4,2,9,Small (S),SM-DT7501,9999,0,9
1175,270,4,3,9,Medium (M),SM-DT7501,9999,0,9
1176,270,4,4,9,Large (L),SM-DT7501,9999,0,9
1177,270,4,5,9,Extra Large (XL),SM-DT7501,9999,0,9
1178,270,4,6,9,2X Large (2XL),SM-DT7501,9999,0,9
1179,270,4,7,9,3X Large (3XL),SM-DT7501,9999,0,9
1180,270,4,8,9,4X Large (4XL),SM-DT7501,9999,0,9
1181,285,4,1,10,Extra Small (XS),SM-DT132L,9999,0,10
1182,285,4,2,10,Small (S),SM-DT132L,9999,0,10
1183,285,4,3,10,Medium (M),SM-DT132L,9999,0,10
1184,285,4,4,10,Large (L),SM-DT132L,9999,0,10
1185,285,4,5,10,Extra Large (XL),SM-DT132L,9999,0,10
1186,285,4,6,10,2X Large (2XL),SM-DT132L,9999,0,10
1187,285,4,7,10,3X Large (3XL),SM-DT132L,9999,0,10
1188,285,4,8,10,4X Large (4XL),SM-DT132L,9999,0,10
1189,292,4,1,19,Extra Small (XS),SM-CS201,9999,0,19
1190,292,4,2,19,Small (S),SM-CS201,9999,0,19
1191,292,4,3,19,Medium (M),SM-CS201,9999,0,19
1192,292,4,4,19,Large (L),SM-CS201,9999,0,19
1193,292,4,5,19,Extra Large (XL),SM-CS201,9999,0,19
1194,292,4,6,19,2X Large (2XL),SM-CS201,9999,0,19
1195,292,4,7,19,3X Large (3XL),SM-CS201,9999,0,19
1196,292,4,8,19,4X Large (4XL),SM-CS201,9999,0,19
1197,297,4,1,32,Extra Small (XS),SM-CS410LS,9999,0,32
1198,297,4,2,32,Small (S),SM-CS410LS,9999,0,32
1199,297,4,3,32,Medium (M),SM-CS410LS,9999,0,32
1200,297,4,4,32,Large (L),SM-CS410LS,9999,0,32
1201,297,4,5,32,Extra Large (XL),SM-CS410LS,9999,0,32
1202,297,4,6,32,2X Large (2XL),SM-CS410LS,9999,0,32
1203,297,4,7,32,3X Large (3XL),SM-CS410LS,9999,0,32
1204,297,4,8,32,4X Large (4XL),SM-CS410LS,9999,0,32
1205,298,4,1,27,Extra Small (XS),SM-L659,22,0,27
1206,298,4,2,27,Small (S),SM-L659,22,0,27
1207,298,4,3,27,Medium (M),SM-L659,22,0,27
1208,298,4,4,27,Large (L),SM-L659,22,0,27
1209,298,4,5,27,Extra Large (XL),SM-L659,22,0,27
1210,298,4,6,27,2X Large (2XL),SM-L659,22,0,27
1211,298,4,7,27,3X Large (3XL),SM-L659,22,0,27
1212,298,4,8,27,4X Large (4XL),SM-L659,22,0,27
1213,300,4,1,49,Extra Small (XS),SM-J333,9999,0,49
1214,300,4,2,49,Small (S),SM-J333,9999,0,49
1215,300,4,3,49,Medium (M),SM-J333,9999,0,49
1216,300,4,4,49,Large (L),SM-J333,9999,0,49
1217,300,4,5,49,Extra Large (XL),SM-J333,9999,0,49
1218,300,4,6,49,2X Large (2XL),SM-J333,9999,0,49
1219,300,4,7,49,3X Large (3XL),SM-J333,9999,0,49
1220,300,4,8,49,4X Large (4XL),SM-J333,9999,0,49
1221,300,4,9,49,5X Large (5XL),SM-J333,9999,0,49
1222,300,4,10,49,6X Large (6XL),SM-J333,9999,0,49
1223,347,4,1,12,Extra Small (XS),SM-K100,1,0,12
1224,347,4,2,12,Small (S),SM-K100,1,0,12
1225,347,4,3,12,Medium (M),SM-K100,1,0,12
1226,347,4,4,12,Large (L),SM-K100,1,0,12
1227,347,4,5,12,Extra Large (XL),SM-K100,1,0,12
1228,347,4,6,12,2X Large (2XL),SM-K100,1,0,12
1229,347,4,7,12,3X Large (3XL),SM-K100,1,2,14
1230,347,4,8,12,4X Large (4XL),SM-K100,1,6,18
1231,347,4,9,12,5X Large (5XL),SM-K100,1,8,20
1232,347,4,10,12,6X Large (6XL),SM-K100,1,12,24
1233,349,4,1,16,Extra Small (XS),SM-K100LS,1,14,30
1234,349,4,2,16,Small (S),SM-K100LS,1,0,16
1235,349,4,3,16,Medium (M),SM-K100LS,1,0,16
1236,349,4,4,16,Large (L),SM-K100LS,1,0,16
1237,349,4,5,16,Extra Large (XL),SM-K100LS,1,0,16
1238,349,4,6,16,2X Large (2XL),SM-K100LS,1,0,16
1239,349,4,7,16,3X Large (3XL),SM-K100LS,1,2,18
1240,349,4,8,16,4X Large (4XL),SM-K100LS,1,6,22
1241,350,4,1,15,Extra Small (XS),SM-K500,9999,8,23
1242,350,4,2,15,Small (S),SM-K500,9999,0,15
1243,350,4,3,15,Medium (M),SM-K500,9999,0,15
1244,350,4,4,15,Large (L),SM-K500,9999,0,15
1245,350,4,5,15,Extra Large (XL),SM-K500,9999,0,15
1246,350,4,6,15,2X Large (2XL),SM-K500,9999,0,15
1247,350,4,7,15,3X Large (3XL),SM-K500,9999,0,15
1248,350,4,8,15,4X Large (4XL),SM-K500,9999,0,15
1249,350,4,9,15,5X Large (5XL),SM-K500,9999,0,15
1250,350,4,10,15,6X Large (6XL),SM-K500,9999,0,15
1251,364,4,1,24,Extra Small (XS),SM-K524,1,0,24
1252,364,4,2,24,Small (S),SM-K524,1,0,24
1253,364,4,3,24,Medium (M),SM-K524,1,0,24
1254,364,4,4,24,Large (L),SM-K524,1,0,24
1255,364,4,5,24,Extra Large (XL),SM-K524,1,0,24
1256,364,4,6,24,2X Large (2XL),SM-K524,1,0,24
1257,364,4,7,24,3X Large (3XL),SM-K524,1,2,26
1258,364,4,8,24,4X Large (4XL),SM-K524,1,6,30
1259,364,4,9,24,5X Large (5XL),SM-K524,1,8,32
1260,364,4,10,24,6X Large (6XL),SM-K524,1,12,36
1261,365,4,1,13,Extra Small (XS),SM-K540,1,14,27
1262,365,4,2,13,Small (S),SM-K540,1,0,13
1263,365,4,3,13,Medium (M),SM-K540,1,0,13
1264,365,4,4,13,Large (L),SM-K540,1,0,13
1265,365,4,5,13,Extra Large (XL),SM-K540,1,0,13
1266,365,4,6,13,2X Large (2XL),SM-K540,1,0,13
1267,365,4,7,13,3X Large (3XL),SM-K540,1,2,15
1268,365,4,8,13,4X Large (4XL),SM-K540,1,6,19
1269,365,4,9,13,5X Large (5XL),SM-K540,1,8,21
1270,365,4,10,13,6X Large (6XL),SM-K540,1,12,25
1271,368,4,1,19,Extra Small (XS),SM-K8000,0,14,33
1272,368,4,2,19,Small (S),SM-K8000,0,0,19
1273,368,4,3,19,Medium (M),SM-K8000,0,0,19
1274,368,4,4,19,Large (L),SM-K8000,0,0,19
1275,368,4,5,19,Extra Large (XL),SM-K8000,0,0,19
1276,368,4,6,19,2X Large (2XL),SM-K8000,0,0,19
1277,368,4,7,19,3X Large (3XL),SM-K8000,0,0,19
1278,368,4,8,19,4X Large (4XL),SM-K8000,0,0,19
1279,368,4,9,19,5X Large (5XL),SM-K8000,0,0,19
1280,369,4,15,10,Large & Tall (LT),SM-KP55T,0,0,10
1281,369,4,16,10,Extra Large & Tall (XLT),SM-KP55T,0,0,10
1282,369,4,17,10,2X Large & Tall (2XLT),SM-KP55T,0,0,10
1283,369,4,18,10,3X Large & Tall (3XLT),SM-KP55T,0,0,10
1284,369,4,19,10,4X Large & Tall (4XLT),SM-KP55T,0,0,10
1285,370,4,1,7,Extra Small (XS),SM-KP55Y,0,0,7
1286,370,4,2,7,Small (S),SM-KP55Y,0,0,7
1287,370,4,3,7,Medium (M),SM-KP55Y,0,0,7
1288,370,4,4,7,Large (L),SM-KP55Y,0,0,7
1289,370,4,5,7,Extra Large (XL),SM-KP55Y,0,0,7
1290,371,4,1,34,Extra Small (XS),SM-L130,0,0,34
1291,371,4,2,34,Small (S),SM-L130,0,0,34
1292,371,4,3,34,Medium (M),SM-L130,0,0,34
1293,371,4,4,34,Large (L),SM-L130,0,0,34
1294,371,4,5,34,Extra Large (XL),SM-L130,0,0,34
1295,371,4,6,34,2X Large (2XL),SM-L130,0,0,34
1296,371,4,7,34,3X Large (3XL),SM-L130,0,0,34
1297,371,4,8,34,4X Large (4XL),SM-L130,0,0,34
1298,372,4,1,23,Extra Small (XS),SM-K8000LS,0,0,23
1299,372,4,2,23,Small (S),SM-K8000LS,0,0,23
1300,372,4,3,23,Medium (M),SM-K8000LS,0,0,23
1301,372,4,4,23,Large (L),SM-K8000LS,0,0,23
1302,372,4,5,23,Extra Large (XL),SM-K8000LS,0,0,23
1303,372,4,6,23,2X Large (2XL),SM-K8000LS,0,0,23
1304,372,4,7,23,3X Large (3XL),SM-K8000LS,0,0,23
1305,372,4,8,23,4X Large (4XL),SM-K8000LS,0,0,23
1306,373,4,1,22,Extra Small (XS),SM-L223,0,0,22
1307,373,4,2,22,Small (S),SM-L223,0,0,22
1308,373,4,3,22,Medium (M),SM-L223,0,0,22
1309,373,4,4,22,Large (L),SM-L223,0,0,22
1310,373,4,5,22,Extra Large (XL),SM-L223,0,0,22
1311,373,4,6,22,2X Large (2XL),SM-L223,0,0,22
1312,373,4,7,22,3X Large (3XL),SM-L223,0,0,22
1313,373,4,8,22,4X Large (4XL),SM-L223,0,0,22
1314,374,4,1,23,Extra Small (XS),SM-L219,0,0,23
1315,374,4,2,23,Small (S),SM-L219,0,0,23
1316,374,4,3,23,Medium (M),SM-L219,0,0,23
1317,374,4,4,23,Large (L),SM-L219,0,0,23
1318,374,4,5,23,Extra Large (XL),SM-L219,0,0,23
1319,374,4,6,23,2X Large (2XL),SM-L219,0,0,23
1320,374,4,7,23,3X Large (3XL),SM-L219,0,0,23
1321,374,4,8,23,4X Large (4XL),SM-L219,0,0,23
1322,375,4,1,49,Extra Small (XS),SM-L333,0,0,49
1323,375,4,2,49,Small (S),SM-L333,0,0,49
1324,375,4,3,49,Medium (M),SM-L333,0,0,49
1325,375,4,4,49,Large (L),SM-L333,0,0,49
1326,375,4,5,49,Extra Large (XL),SM-L333,0,0,49
1327,375,4,6,49,2X Large (2XL),SM-L333,0,0,49
1328,375,4,7,49,3X Large (3XL),SM-L333,0,0,49
1329,375,4,8,49,4X Large (4XL),SM-L333,0,0,49
1330,376,4,1,34,Extra Small (XS),SM-L298,0,0,34
1331,376,4,2,34,Small (S),SM-L298,0,0,34
1332,376,4,3,34,Medium (M),SM-L298,0,0,34
1333,376,4,4,34,Large (L),SM-L298,0,0,34
1334,376,4,5,34,Extra Large (XL),SM-L298,0,0,34
1335,376,4,6,34,2X Large (2XL),SM-L298,0,0,34
1336,376,4,7,34,3X Large (3XL),SM-L298,0,0,34
1337,376,4,8,34,4X Large (4XL),SM-L298,0,0,34
1338,377,4,1,21,Extra Small (XS),SM-L226,0,0,21
1339,377,4,2,21,Small (S),SM-L226,0,0,21
1340,377,4,3,21,Medium (M),SM-L226,0,0,21
1341,377,4,4,21,Large (L),SM-L226,0,0,21
1342,377,4,5,21,Extra Large (XL),SM-L226,0,0,21
1343,377,4,6,21,2X Large (2XL),SM-L226,0,0,21
1344,377,4,7,21,3X Large (3XL),SM-L226,0,0,21
1345,377,4,8,21,4X Large (4XL),SM-L226,0,0,21
1346,378,4,1,20,Extra Small (XS),SM-L344,0,0,20
1347,378,4,2,20,Small (S),SM-L344,0,0,20
1348,378,4,3,20,Medium (M),SM-L344,0,0,20
1349,378,4,4,20,Large (L),SM-L344,0,0,20
1350,378,4,5,20,Extra Large (XL),SM-L344,0,0,20
1351,378,4,6,20,2X Large (2XL),SM-L344,0,0,20
1352,378,4,7,20,3X Large (3XL),SM-L344,0,0,20
1353,378,4,8,20,4X Large (4XL),SM-L344,0,0,20
1354,379,4,1,18,Extra Small (XS),SM-L469,0,0,18
1355,379,4,2,18,Small (S),SM-L469,0,0,18
1356,379,4,3,18,Medium (M),SM-L469,0,0,18
1357,379,4,4,18,Large (L),SM-L469,0,0,18
1358,379,4,5,18,Extra Large (XL),SM-L469,0,0,18
1359,379,4,6,18,2X Large (2XL),SM-L469,0,0,18
1360,379,4,7,18,3X Large (3XL),SM-L469,0,0,18
1361,379,4,8,18,4X Large (4XL),SM-L469,0,0,18
1362,380,4,1,15,Extra Small (XS),SM-L500,0,0,15
1363,380,4,2,15,Small (S),SM-L500,0,0,15
1364,380,4,3,15,Medium (M),SM-L500,0,0,15
1365,380,4,4,15,Large (L),SM-L500,0,0,15
1366,380,4,5,15,Extra Large (XL),SM-L500,0,0,15
1367,380,4,6,15,2X Large (2XL),SM-L500,0,0,15
1368,380,4,7,15,3X Large (3XL),SM-L500,0,0,15
1369,380,4,8,15,4X Large (4XL),SM-L500,0,0,15
1370,380,4,9,15,5X Large (5XL),SM-L500,0,0,15
1371,381,4,1,19,Extra Small (XS),SM-L562,0,0,19
1372,381,4,2,19,Small (S),SM-L562,0,0,19
1373,381,4,3,19,Medium (M),SM-L562,0,0,19
1374,381,4,4,19,Large (L),SM-L562,0,0,19
1375,381,4,5,19,Extra Large (XL),SM-L562,0,0,19
1376,381,4,6,19,2X Large (2XL),SM-L562,0,0,19
1377,381,4,7,19,3X Large (3XL),SM-L562,0,0,19
1378,381,4,8,19,4X Large (4XL),SM-L562,0,0,19
1379,382,4,1,29,Extra Small (XS),SM-L5430,0,0,29
1380,382,4,2,29,Small (S),SM-L5430,0,0,29
1381,382,4,3,29,Medium (M),SM-L5430,0,0,29
1382,382,4,4,29,Large (L),SM-L5430,0,0,29
1383,382,4,5,29,Extra Large (XL),SM-L5430,0,0,29
1384,382,4,6,29,2X Large (2XL),SM-L5430,0,0,29
1385,382,4,7,29,3X Large (3XL),SM-L5430,0,0,29
1386,382,4,8,29,4X Large (4XL),SM-L5430,0,0,29
1387,383,4,1,19,Extra Small (XS),SM-L528,0,0,19
1388,383,4,2,19,Small (S),SM-L528,0,0,19
1389,383,4,3,19,Medium (M),SM-L528,0,0,19
1390,383,4,4,19,Large (L),SM-L528,0,0,19
1391,383,4,5,19,Extra Large (XL),SM-L528,0,0,19
1392,383,4,6,19,2X Large (2XL),SM-L528,0,0,19
1393,383,4,7,19,3X Large (3XL),SM-L528,0,0,19
1394,383,4,8,19,4X Large (4XL),SM-L528,0,0,19
1395,384,4,1,21,Extra Small (XS),SM-L500LS,0,0,21
1396,384,4,2,21,Small (S),SM-L500LS,0,0,21
1397,384,4,3,21,Medium (M),SM-L500LS,0,0,21
1398,384,4,4,21,Large (L),SM-L500LS,0,0,21
1399,384,4,5,21,Extra Large (XL),SM-L500LS,0,0,21
1400,384,4,6,21,2X Large (2XL),SM-L500LS,0,0,21
1401,384,4,7,21,3X Large (3XL),SM-L500LS,0,0,21
1402,384,4,8,21,4X Large (4XL),SM-L500LS,0,0,21
1403,385,4,1,18,Extra Small (XS),SM-L508,0,0,18
1404,385,4,2,18,Small (S),SM-L508,0,0,18
1405,385,4,3,18,Medium (M),SM-L508,0,0,18
1406,385,4,4,18,Large (L),SM-L508,0,0,18
1407,385,4,5,18,Extra Large (XL),SM-L508,0,0,18
1408,385,4,6,18,2X Large (2XL),SM-L508,0,0,18
1409,385,4,7,18,3X Large (3XL),SM-L508,0,0,18
1410,385,4,8,18,4X Large (4XL),SM-L508,0,0,18
1411,385,4,9,18,5X Large (5XL),SM-L508,0,0,18
1412,386,4,1,18,Extra Small (XS),SM-LK111,0,0,18
1413,386,4,2,18,Small (S),SM-LK111,0,0,18
1414,386,4,3,18,Medium (M),SM-LK111,0,0,18
1415,386,4,4,18,Large (L),SM-LK111,0,0,18
1416,386,4,5,18,Extra Large (XL),SM-LK111,0,0,18
1417,386,4,6,18,2X Large (2XL),SM-LK111,0,0,18
1418,386,4,7,18,3X Large (3XL),SM-LK111,0,0,18
1419,386,4,8,18,4X Large (4XL),SM-LK111,0,0,18
1420,387,4,1,33,Extra Small (XS),SM-L901,0,0,33
1421,387,4,2,33,Small (S),SM-L901,0,0,33
1422,387,4,3,33,Medium (M),SM-L901,0,0,33
1423,387,4,4,33,Large (L),SM-L901,0,0,33
1424,387,4,5,33,Extra Large (XL),SM-L901,0,0,33
1425,387,4,6,33,2X Large (2XL),SM-L901,0,0,33
1426,387,4,7,33,3X Large (3XL),SM-L901,0,0,33
1427,387,4,8,33,4X Large (4XL),SM-L901,0,0,33
1428,388,4,1,30,Extra Small (XS),SM-LK5434,0,0,30
1429,388,4,2,30,Small (S),SM-LK5434,0,0,30
1430,388,4,3,30,Medium (M),SM-LK5434,0,0,30
1431,388,4,4,30,Large (L),SM-LK5434,0,0,30
1432,388,4,5,30,Extra Large (XL),SM-LK5434,0,0,30
1433,388,4,6,30,2X Large (2XL),SM-LK5434,0,0,30
1434,388,4,7,30,3X Large (3XL),SM-LK5434,0,0,30
1435,388,4,8,30,4X Large (4XL),SM-LK5434,0,0,30
1436,389,4,1,28,Extra Small (XS),SM-L654,0,0,28
1437,389,4,2,28,Small (S),SM-L654,0,0,28
1438,389,4,3,28,Medium (M),SM-L654,0,0,28
1439,389,4,4,28,Large (L),SM-L654,0,0,28
1440,389,4,5,28,Extra Large (XL),SM-L654,0,0,28
1441,389,4,6,28,2X Large (2XL),SM-L654,0,0,28
1442,389,4,7,28,3X Large (3XL),SM-L654,0,0,28
1443,389,4,8,28,4X Large (4XL),SM-L654,0,0,28
1444,390,4,1,60,Extra Small (XS),SM-L900,0,0,60
1445,390,4,2,60,Small (S),SM-L900,0,0,60
1446,390,4,3,60,Medium (M),SM-L900,0,0,60
1447,390,4,4,60,Large (L),SM-L900,0,0,60
1448,390,4,5,60,Extra Large (XL),SM-L900,0,0,60
1449,390,4,6,60,2X Large (2XL),SM-L900,0,0,60
1450,390,4,7,60,3X Large (3XL),SM-L900,0,0,60
1451,390,4,8,60,4X Large (4XL),SM-L900,0,0,60
1452,391,4,1,14,Extra Small (XS),SM-LK110,0,0,14
1453,391,4,2,14,Small (S),SM-LK110,0,0,14
1454,391,4,3,14,Medium (M),SM-LK110,0,0,14
1455,391,4,4,14,Large (L),SM-LK110,0,0,14
1456,391,4,5,14,Extra Large (XL),SM-LK110,0,0,14
1457,391,4,6,14,2X Large (2XL),SM-LK110,0,0,14
1458,391,4,7,14,3X Large (3XL),SM-LK110,0,0,14
1459,391,4,8,14,4X Large (4XL),SM-LK110,0,0,14
1468,393,4,1,19,Extra Small (XS),SM-LK583,0,0,19
1469,393,4,2,19,Small (S),SM-LK583,0,0,19
1470,393,4,3,19,Medium (M),SM-LK583,0,0,19
1471,393,4,4,19,Large (L),SM-LK583,0,0,19
1472,393,4,5,19,Extra Large (XL),SM-LK583,0,0,19
1473,393,4,6,19,2X Large (2XL),SM-LK583,0,0,19
1474,393,4,7,19,3X Large (3XL),SM-LK583,0,0,19
1475,393,4,8,19,4X Large (4XL),SM-LK583,0,0,19
1476,394,4,1,22,Extra Small (XS),SM-LM1008,0,0,22
1477,394,4,2,22,Small (S),SM-LM1008,0,0,22
1478,394,4,3,22,Medium (M),SM-LM1008,0,0,22
1479,394,4,4,22,Large (L),SM-LM1008,0,0,22
1480,394,4,5,22,Extra Large (XL),SM-LM1008,0,0,22
1481,394,4,6,22,2X Large (2XL),SM-LM1008,0,0,22
1482,394,4,7,22,3X Large (3XL),SM-LM1008,0,0,22
1483,394,4,8,22,4X Large (4XL),SM-LM1008,0,0,22
1484,395,4,1,49,Extra Small (XS),SM-LM2000,0,0,49
1485,395,4,2,49,Small (S),SM-LM2000,0,0,49
1486,395,4,3,49,Medium (M),SM-LM2000,0,0,49
1487,395,4,4,49,Large (L),SM-LM2000,0,0,49
1488,395,4,5,49,Extra Large (XL),SM-LM2000,0,0,49
1489,395,4,6,49,2X Large (2XL),SM-LM2000,0,0,49
1490,395,4,7,49,3X Large (3XL),SM-LM2000,0,0,49
1491,395,4,8,49,4X Large (4XL),SM-LM2000,0,0,49
1492,396,4,1,67,Extra Small (XS),SM-LOE722,0,0,67
1493,396,4,2,67,Small (S),SM-LOE722,0,0,67
1494,396,4,3,67,Medium (M),SM-LOE722,0,0,67
1495,396,4,4,67,Large (L),SM-LOE722,0,0,67
1496,396,4,5,67,Extra Large (XL),SM-LOE722,0,0,67
1497,396,4,6,67,2X Large (2XL),SM-LOE722,0,0,67
1498,396,4,7,67,3X Large (3XL),SM-LOE722,0,0,67
1499,396,4,8,67,4X Large (4XL),SM-LOE722,0,0,67
1500,397,4,1,37,Extra Small (XS),SM-LOG105,0,0,37
1501,397,4,2,37,Small (S),SM-LOG105,0,0,37
1502,397,4,3,37,Medium (M),SM-LOG105,0,0,37
1503,397,4,4,37,Large (L),SM-LOG105,0,0,37
1504,397,4,5,37,Extra Large (XL),SM-LOG105,0,0,37
1505,397,4,6,37,2X Large (2XL),SM-LOG105,0,0,37
1506,397,4,7,37,3X Large (3XL),SM-LOG105,0,0,37
1507,397,4,8,37,4X Large (4XL),SM-LOG105,0,0,37
1508,398,4,1,27,Extra Small (XS),SM-LOG101,0,0,27
1509,398,4,2,27,Small (S),SM-LOG101,0,0,27
1510,398,4,3,27,Medium (M),SM-LOG101,0,0,27
1511,398,4,4,27,Large (L),SM-LOG101,0,0,27
1512,398,4,5,27,Extra Large (XL),SM-LOG101,0,0,27
1513,398,4,6,27,2X Large (2XL),SM-LOG101,0,0,27
1514,398,4,7,27,3X Large (3XL),SM-LOG101,0,0,27
1515,398,4,8,27,4X Large (4XL),SM-LOG101,0,0,27
1516,399,4,1,13,Extra Small (XS),SM-LST357,0,0,13
1517,399,4,2,13,Small (S),SM-LST357,0,0,13
1518,399,4,3,13,Medium (M),SM-LST357,0,0,13
1519,399,4,4,13,Large (L),SM-LST357,0,0,13
1520,399,4,5,13,Extra Large (XL),SM-LST357,0,0,13
1521,399,4,6,13,2X Large (2XL),SM-LST357,0,0,13
1522,399,4,7,13,3X Large (3XL),SM-LST357,0,0,13
1523,399,4,8,13,4X Large (4XL),SM-LST357,0,0,13
1524,400,4,1,8,Extra Small (XS),SM-LPC450VLS,0,0,8
1525,400,4,2,8,Small (S),SM-LPC450VLS,0,0,8
1526,400,4,3,8,Medium (M),SM-LPC450VLS,0,0,8
1527,400,4,4,8,Large (L),SM-LPC450VLS,0,0,8
1528,400,4,5,8,Extra Large (XL),SM-LPC450VLS,0,0,8
1529,400,4,6,8,2X Large (2XL),SM-LPC450VLS,0,0,8
1530,400,4,7,8,3X Large (3XL),SM-LPC450VLS,0,0,8
1531,400,4,8,8,4X Large (4XL),SM-LPC450VLS,0,0,8
1532,401,4,1,6,Extra Small (XS),SM-LPC54LS,0,0,6
1533,401,4,2,6,Small (S),SM-LPC54LS,0,0,6
1534,401,4,3,6,Medium (M),SM-LPC54LS,0,0,6
1535,401,4,4,6,Large (L),SM-LPC54LS,0,0,6
1536,401,4,5,6,Extra Large (XL),SM-LPC54LS,0,0,6
1537,401,4,6,6,2X Large (2XL),SM-LPC54LS,0,0,6
1538,401,4,7,6,3X Large (3XL),SM-LPC54LS,0,0,6
1539,401,4,8,6,4X Large (4XL),SM-LPC54LS,0,0,6
1540,402,4,1,15,Extra Small (XS),SM-LST660,0,0,15
1541,402,4,2,15,Small (S),SM-LST660,0,0,15
1542,402,4,3,15,Medium (M),SM-LST660,0,0,15
1543,402,4,4,15,Large (L),SM-LST660,0,0,15
1544,402,4,5,15,Extra Large (XL),SM-LST660,0,0,15
1545,402,4,6,15,2X Large (2XL),SM-LST660,0,0,15
1546,402,4,7,15,3X Large (3XL),SM-LST660,0,0,15
1547,402,4,8,15,4X Large (4XL),SM-LST660,0,0,15
1548,403,4,1,42,Extra Small (XS),SM-LSW289,0,0,42
1549,403,4,2,42,Small (S),SM-LSW289,0,0,42
1550,403,4,3,42,Medium (M),SM-LSW289,0,0,42
1551,403,4,4,42,Large (L),SM-LSW289,0,0,42
1552,403,4,5,42,Extra Large (XL),SM-LSW289,0,0,42
1553,403,4,6,42,2X Large (2XL),SM-LSW289,0,0,42
1554,403,4,7,42,3X Large (3XL),SM-LSW289,0,0,42
1555,403,4,8,42,4X Large (4XL),SM-LSW289,0,0,42
1556,404,4,1,34,Extra Small (XS),SM-LSW287,0,0,34
1557,404,4,2,34,Small (S),SM-LSW287,0,0,34
1558,404,4,3,34,Medium (M),SM-LSW287,0,0,34
1559,404,4,4,34,Large (L),SM-LSW287,0,0,34
1560,404,4,5,34,Extra Large (XL),SM-LSW287,0,0,34
1561,404,4,6,34,2X Large (2XL),SM-LSW287,0,0,34
1562,404,4,7,34,3X Large (3XL),SM-LSW287,0,0,34
1563,404,4,8,34,4X Large (4XL),SM-LSW287,0,0,34
1564,405,4,1,19,Extra Small (XS),SM-LST650,0,0,19
1565,405,4,2,19,Small (S),SM-LST650,0,0,19
1566,405,4,3,19,Medium (M),SM-LST650,0,0,19
1567,405,4,4,19,Large (L),SM-LST650,0,0,19
1568,405,4,5,19,Extra Large (XL),SM-LST650,0,0,19
1569,405,4,6,19,2X Large (2XL),SM-LST650,0,0,19
1570,405,4,7,19,3X Large (3XL),SM-LST650,0,0,19
1571,405,4,8,19,4X Large (4XL),SM-LST650,0,0,19
1572,406,4,1,19,Extra Small (XS),SM-LST630,0,0,19
1573,406,4,2,19,Small (S),SM-LST630,0,0,19
1574,406,4,3,19,Medium (M),SM-LST630,0,0,19
1575,406,4,4,19,Large (L),SM-LST630,0,0,19
1576,406,4,5,19,Extra Large (XL),SM-LST630,0,0,19
1577,406,4,6,19,2X Large (2XL),SM-LST630,0,0,19
1578,406,4,7,19,3X Large (3XL),SM-LST630,0,0,19
1579,406,4,8,19,4X Large (4XL),SM-LST630,0,0,19
1580,407,4,15,30,Large & Tall (LT),SM-TLCS410,0,0,30
1581,407,4,16,30,Extra Large & Tall (XLT),SM-TLCS410,0,0,30
1582,407,4,17,30,2X Large & Tall (2XLT),SM-TLCS410,0,0,30
1583,407,4,18,30,3X Large & Tall (3XLT),SM-TLCS410,0,0,30
1584,407,4,19,30,4X Large & Tall (4XLT),SM-TLCS410,0,0,30
1585,408,4,15,21,Large & Tall (LT),SM-TK469,0,0,21
1586,408,4,16,21,Extra Large & Tall (XLT),SM-TK469,0,0,21
1587,408,4,17,21,2X Large & Tall (2XLT),SM-TK469,0,0,21
1588,408,4,18,21,3X Large & Tall (3XLT),SM-TK469,0,0,21
1589,408,4,19,21,4X Large & Tall (4XLT),SM-TK469,0,0,21
1590,409,4,1,41,Extra Small (XS),SM-MM3023,0,0,41
1591,409,4,2,41,Small (S),SM-MM3023,0,0,41
1592,409,4,3,41,Medium (M),SM-MM3023,0,0,41
1593,409,4,4,41,Large (L),SM-MM3023,0,0,41
1594,409,4,5,41,Extra Large (XL),SM-MM3023,0,0,41
1595,409,4,6,41,2X Large (2XL),SM-MM3023,0,0,41
1596,409,4,7,41,3X Large (3XL),SM-MM3023,0,0,41
1597,409,4,8,41,4X Large (4XL),SM-MM3023,0,0,41
1598,410,4,1,31,Extra Small (XS),SM-ST264,0,0,31
1599,410,4,2,31,Small (S),SM-ST264,0,0,31
1600,410,4,3,31,Medium (M),SM-ST264,0,0,31
1601,410,4,4,31,Large (L),SM-ST264,0,0,31
1602,410,4,5,31,Extra Large (XL),SM-ST264,0,0,31
1603,410,4,6,31,2X Large (2XL),SM-ST264,0,0,31
1604,410,4,7,31,3X Large (3XL),SM-ST264,0,0,31
1605,410,4,8,31,4X Large (4XL),SM-ST264,0,0,31
1606,411,4,15,53,Large & Tall (LT),SM-TLJ705,0,0,53
1607,411,4,16,53,Extra Large & Tall (XLT),SM-TLJ705,0,0,53
1608,411,4,17,53,2X Large & Tall (2XLT),SM-TLJ705,0,0,53
1609,411,4,18,53,3X Large & Tall (3XLT),SM-TLJ705,0,0,53
1610,411,4,19,53,4X Large & Tall (4XLT),SM-TLJ705,0,0,53
1611,412,4,1,25,Extra Small (XS),SM-LW701,0,0,25
1612,412,4,2,25,Small (S),SM-LW701,0,0,25
1613,412,4,3,25,Medium (M),SM-LW701,0,0,25
1614,412,4,4,25,Large (L),SM-LW701,0,0,25
1615,412,4,5,25,Extra Large (XL),SM-LW701,0,0,25
1616,412,4,6,25,2X Large (2XL),SM-LW701,0,0,25
1617,412,4,7,25,3X Large (3XL),SM-LW701,0,0,25
1618,412,4,8,25,4X Large (4XL),SM-LW701,0,0,25
1619,413,4,1,19,Extra Small (XS),SM-ST650,0,0,19
1620,413,4,2,19,Small (S),SM-ST650,0,0,19
1621,413,4,3,19,Medium (M),SM-ST650,0,0,19
1622,413,4,4,19,Large (L),SM-ST650,0,0,19
1623,413,4,5,19,Extra Large (XL),SM-ST650,0,0,19
1624,413,4,6,19,2X Large (2XL),SM-ST650,0,0,19
1625,413,4,7,19,3X Large (3XL),SM-ST650,0,0,19
1626,413,4,8,19,4X Large (4XL),SM-ST650,0,0,19
1627,413,4,9,19,5X Large (5XL),SM-ST650,0,0,19
1628,414,4,1,60,Extra Small (XS),SM-MM7101,0,0,60
1629,414,4,2,60,Small (S),SM-MM7101,0,0,60
1630,414,4,3,60,Medium (M),SM-MM7101,0,0,60
1631,414,4,4,60,Large (L),SM-MM7101,0,0,60
1632,414,4,5,60,Extra Large (XL),SM-MM7101,0,0,60
1633,414,4,6,60,2X Large (2XL),SM-MM7101,0,0,60
1634,414,4,7,60,3X Large (3XL),SM-MM7101,0,0,60
1635,414,4,8,60,4X Large (4XL),SM-MM7101,0,0,60
1636,415,4,1,24,Extra Small (XS),SM-S663,0,0,24
1637,415,4,2,24,Small (S),SM-S663,0,0,24
1638,415,4,3,24,Medium (M),SM-S663,0,0,24
1639,415,4,4,24,Large (L),SM-S663,0,0,24
1640,415,4,5,24,Extra Large (XL),SM-S663,0,0,24
1641,415,4,6,24,2X Large (2XL),SM-S663,0,0,24
1642,415,4,7,24,3X Large (3XL),SM-S663,0,0,24
1643,415,4,8,24,4X Large (4XL),SM-S663,0,0,24
1644,416,4,15,36,Large & Tall (LT),SM-TLJ317,0,0,36
1645,416,4,16,36,Extra Large & Tall (XLT),SM-TLJ317,0,0,36
1646,416,4,17,36,2X Large & Tall (2XLT),SM-TLJ317,0,0,36
1647,416,4,18,36,3X Large & Tall (3XLT),SM-TLJ317,0,0,36
1648,416,4,19,36,4X Large & Tall (4XLT),SM-TLJ317,0,0,36
1649,417,4,15,25,Large & Tall (LT),SM-TLCS412,0,0,25
1650,417,4,16,25,Extra Large & Tall (XLT),SM-TLCS412,0,0,25
1651,417,4,17,25,2X Large & Tall (2XLT),SM-TLCS412,0,0,25
1652,417,4,18,25,3X Large & Tall (3XLT),SM-TLCS412,0,0,25
1653,417,4,19,25,4X Large & Tall (4XLT),SM-TLCS412,0,0,25
1655,418,4,2,27,Small (S),SM-P180,0,0,27
1656,418,4,3,27,Medium (M),SM-P180,0,0,27
1657,418,4,4,27,Large (L),SM-P180,0,0,27
1658,418,4,5,27,Extra Large (XL),SM-P180,0,0,27
1659,418,4,6,27,2X Large (2XL),SM-P180,0,0,27
1661,419,4,2,4,Small (S),SM-PC54,0,0,4
1662,419,4,3,4,Medium (M),SM-PC54,0,0,4
1663,419,4,4,4,Large (L),SM-PC54,0,0,4
1664,419,4,5,4,Extra Large (XL),SM-PC54,0,0,4
1665,419,4,6,4,2X Large (2XL),SM-PC54,0,0,4
1666,419,4,7,4,3X Large (3XL),SM-PC54,0,0,4
1667,419,4,8,4,4X Large (4XL),SM-PC54,0,0,4
1669,420,4,2,4.18,Small (S),SM-PC55,0,0,4.18
1670,420,4,3,4.18,Medium (M),SM-PC55,0,0,4.18
1671,420,4,4,4.18,Large (L),SM-PC55,0,0,4.18
1672,420,4,5,4.18,Extra Large (XL),SM-PC55,0,0,4.18
1673,420,4,6,4.18,2X Large (2XL),SM-PC55,0,0,4.18
1674,420,4,7,4.18,3X Large (3XL),SM-PC55,0,0,4.18
1675,420,4,8,4.18,4X Large (4XL),SM-PC55,0,0,4.18
1677,421,4,2,5,Small (S),SM-PC61,0,0,5
1678,421,4,3,5,Medium (M),SM-PC61,0,0,5
1679,421,4,4,5,Large (L),SM-PC61,0,0,5
1680,421,4,5,5,Extra Large (XL),SM-PC61,0,0,5
1681,421,4,6,5,2X Large (2XL),SM-PC61,0,0,5
1682,421,4,7,5,3X Large (3XL),SM-PC61,0,0,5
1683,421,4,8,5,4X Large (4XL),SM-PC61,0,0,5
1684,422,4,15,20,Large & Tall (LT),SM-TST650,0,0,20
1685,422,4,16,20,Extra Large & Tall (XLT),SM-TST650,0,0,20
1686,422,4,17,20,2X Large & Tall (2XLT),SM-TST650,0,0,20
1687,422,4,18,20,3X Large & Tall (3XLT),SM-TST650,0,0,20
1688,422,4,19,20,4X Large & Tall (4XLT),SM-TST650,0,0,20
1689,423,4,15,24,Large & Tall (LT),SM-TLS608,0,0,24
1690,423,4,16,24,Extra Large & Tall (XLT),SM-TLS608,0,0,24
1691,423,4,17,24,2X Large & Tall (2XLT),SM-TLS608,0,0,24
1692,423,4,18,24,3X Large & Tall (3XLT),SM-TLS608,0,0,24
1693,423,4,19,24,4X Large & Tall (4XLT),SM-TLS608,0,0,24
1694,424,4,15,22,Large & Tall (LT),SM-TLK500LS,0,0,22
1695,424,4,16,22,Extra Large & Tall (XLT),SM-TLK500LS,0,0,22
1696,424,4,17,22,2X Large & Tall (2XLT),SM-TLK500LS,0,0,22
1697,424,4,18,22,3X Large & Tall (3XLT),SM-TLK500LS,0,0,22
1698,424,4,19,22,4X Large & Tall (4XLT),SM-TLK500LS,0,0,22
1699,425,4,15,25,Large & Tall (LT),SM-TLK455,0,0,25
1700,425,4,16,25,Extra Large & Tall (XLT),SM-TLK455,0,0,25
1701,425,4,17,25,2X Large & Tall (2XLT),SM-TLK455,0,0,25
1702,425,4,18,25,3X Large & Tall (3XLT),SM-TLK455,0,0,25
1703,425,4,19,25,4X Large & Tall (4XLT),SM-TLK455,0,0,25
1704,426,4,15,22,Large & Tall (LT),SM-TLK500P,0,0,22
1705,426,4,16,22,Extra Large & Tall (XLT),SM-TLK500P,0,0,22
1706,426,4,17,22,2X Large & Tall (2XLT),SM-TLK500P,0,0,22
1707,426,4,18,22,3X Large & Tall (3XLT),SM-TLK500P,0,0,22
1708,426,4,19,22,4X Large & Tall (4XLT),SM-TLK500P,0,0,22
1709,427,4,15,53,Large & Tall (LT),SM-TLJ790,0,0,53
1710,427,4,16,53,Extra Large & Tall (XLT),SM-TLJ790,0,0,53
1711,427,4,17,53,2X Large & Tall (2XLT),SM-TLJ790,0,0,53
1712,427,4,18,53,3X Large & Tall (3XLT),SM-TLJ790,0,0,53
1713,427,4,19,53,4X Large & Tall (4XLT),SM-TLJ790,0,0,53
1714,428,4,15,13,Large & Tall (LT),SM-TLK100,0,0,13
1715,428,4,16,13,Extra Large & Tall (XLT),SM-TLK100,0,0,13
1716,428,4,17,13,2X Large & Tall (2XLT),SM-TLK100,0,0,13
1717,428,4,18,13,3X Large & Tall (3XLT),SM-TLK100,0,0,13
1718,428,4,19,13,4X Large & Tall (4XLT),SM-TLK100,0,0,13
1719,429,4,15,20,Large & Tall (LT),SM-TW100,0,0,20
1720,429,4,16,20,Extra Large & Tall (XLT),SM-TW100,0,0,20
1721,429,4,17,20,2X Large & Tall (2XLT),SM-TW100,0,0,20
1722,429,4,18,20,3X Large & Tall (3XLT),SM-TW100,0,0,20
1723,429,4,19,20,4X Large & Tall (4XLT),SM-TW100,0,0,20
1724,430,4,15,25,Large & Tall (LT),SM-TS663,0,0,25
1725,430,4,16,25,Extra Large & Tall (XLT),SM-TS663,0,0,25
1726,430,4,17,25,2X Large & Tall (2XLT),SM-TS663,0,0,25
1727,430,4,18,25,3X Large & Tall (3XLT),SM-TS663,0,0,25
1728,430,4,19,25,4X Large & Tall (4XLT),SM-TS663,0,0,25
1729,431,4,15,28,Large & Tall (LT),SM-TLS600T,0,0,28
1730,431,4,16,28,Extra Large & Tall (XLT),SM-TLS600T,0,0,28
1731,431,4,17,28,2X Large & Tall (2XLT),SM-TLS600T,0,0,28
1732,431,4,18,28,3X Large & Tall (3XLT),SM-TLS600T,0,0,28
1733,431,4,19,28,4X Large & Tall (4XLT),SM-TLS600T,0,0,28
1734,432,4,15,29,Large & Tall (LT),SM-TS658,0,0,29
1735,432,4,16,29,Extra Large & Tall (XLT),SM-TS658,0,0,29
1736,432,4,17,29,2X Large & Tall (2XLT),SM-TS658,0,0,29
1737,432,4,18,29,3X Large & Tall (3XLT),SM-TS658,0,0,29
1738,432,4,19,29,4X Large & Tall (4XLT),SM-TS658,0,0,29
1739,433,4,1,11,Extra Small (XS),SM-Y100,0,0,11
1740,433,4,2,11,Small (S),SM-Y100,0,0,11
1741,433,4,3,11,Medium (M),SM-Y100,0,0,11
1742,433,4,4,11,Large (L),SM-Y100,0,0,11
1743,433,4,5,11,Extra Large (XL),SM-Y100,0,0,11
1744,434,4,15,22,Large & Tall (LT),SM-TLS508,0,0,22
1745,434,4,16,22,Extra Large & Tall (XLT),SM-TLS508,0,0,22
1746,434,4,17,22,2X Large & Tall (2XLT),SM-TLS508,0,0,22
1747,434,4,18,22,3X Large & Tall (3XLT),SM-TLS508,0,0,22
1748,434,4,19,22,4X Large & Tall (4XLT),SM-TLS508,0,0,22
1749,435,4,15,25,Large & Tall (LT),SM-TLK527,0,0,25
1750,435,4,16,25,Extra Large & Tall (XLT),SM-TLK527,0,0,25
1751,435,4,17,25,2X Large & Tall (2XLT),SM-TLK527,0,0,25
1752,435,4,18,25,3X Large & Tall (3XLT),SM-TLK527,0,0,25
1753,435,4,19,25,4X Large & Tall (4XLT),SM-TLK527,0,0,25
1754,436,4,15,18.01,Large & Tall (LT),SM-TLK510,0,0,18.01
1755,436,4,16,18.01,Extra Large & Tall (XLT),SM-TLK510,0,0,18.01
1756,436,4,17,18.01,2X Large & Tall (2XLT),SM-TLK510,0,0,18.01
1757,436,4,18,18.01,3X Large & Tall (3XLT),SM-TLK510,0,0,18.01
1758,436,4,19,18.01,4X Large & Tall (4XLT),SM-TLK510,0,0,18.01
1759,437,4,15,19,Large & Tall (LT),SM-TLK420,0,0,19
1760,437,4,16,19,Extra Large & Tall (XLT),SM-TLK420,0,0,19
1761,437,4,17,19,2X Large & Tall (2XLT),SM-TLK420,0,0,19
1762,437,4,18,19,3X Large & Tall (3XLT),SM-TLK420,0,0,19
1763,437,4,19,19,4X Large & Tall (4XLT),SM-TLK420,0,0,19
1764,438,4,15,9,Large & Tall (LT),SM-TST350,0,0,9
1765,438,4,16,9,Extra Large & Tall (XLT),SM-TST350,0,0,9
1766,438,4,17,9,2X Large & Tall (2XLT),SM-TST350,0,0,9
1767,438,4,18,9,3X Large & Tall (3XLT),SM-TST350,0,0,9
1768,438,4,19,9,4X Large & Tall (4XLT),SM-TST350,0,0,9
1769,439,4,15,17,Large & Tall (LT),SM-TLK500,0,0,17
1770,439,4,16,17,Extra Large & Tall (XLT),SM-TLK500,0,0,17
1771,439,4,17,17,2X Large & Tall (2XLT),SM-TLK500,0,0,17
1772,439,4,18,17,3X Large & Tall (3XLT),SM-TLK500,0,0,17
1773,439,4,19,17,4X Large & Tall (4XLT),SM-TLK500,0,0,17
1774,440,4,15,21,Large & Tall (LT),SM-TST655,0,0,21
1775,440,4,16,21,Extra Large & Tall (XLT),SM-TST655,0,0,21
1776,440,4,17,21,2X Large & Tall (2XLT),SM-TST655,0,0,21
1777,440,4,18,21,3X Large & Tall (3XLT),SM-TST655,0,0,21
1778,440,4,19,21,4X Large & Tall (4XLT),SM-TST655,0,0,21
1779,441,4,15,14,Large & Tall (LT),SM-TLK540,0,0,14
1780,441,4,16,14,Extra Large & Tall (XLT),SM-TLK540,0,0,14
1781,441,4,17,14,2X Large & Tall (2XLT),SM-TLK540,0,0,14
1782,441,4,18,14,3X Large & Tall (3XLT),SM-TLK540,0,0,14
1783,441,4,19,14,4X Large & Tall (4XLT),SM-TLK540,0,0,14
1784,442,4,1,30,Extra Small (XS),SM-OG150,0,0,30
1785,442,4,2,30,Small (S),SM-OG150,0,0,30
1786,442,4,3,30,Medium (M),SM-OG150,0,0,30
1787,442,4,4,30,Large (L),SM-OG150,0,0,30
1788,442,4,5,30,Extra Large (XL),SM-OG150,0,0,30
1789,442,4,6,30,2X Large (2XL),SM-OG150,0,0,30
1790,442,4,7,30,3X Large (3XL),SM-OG150,0,0,30
1791,442,4,8,30,4X Large (4XL),SM-OG150,0,0,30
1792,443,4,15,33,Large & Tall (LT),SM-TST850,0,0,33
1793,443,4,16,33,Extra Large & Tall (XLT),SM-TST850,0,0,33
1794,443,4,17,33,2X Large & Tall (2XLT),SM-TST850,0,0,33
1795,443,4,18,33,3X Large & Tall (3XLT),SM-TST850,0,0,33
1796,443,4,19,33,4X Large & Tall (4XLT),SM-TST850,0,0,33
1797,444,4,15,20,Large & Tall (LT),SM-TLCS418,0,0,20
1798,444,4,16,20,Extra Large & Tall (XLT),SM-TLCS418,0,0,20
1799,444,4,17,20,2X Large & Tall (2XLT),SM-TLCS418,0,0,20
1800,444,4,18,20,3X Large & Tall (3XLT),SM-TLCS418,0,0,20
1801,444,4,19,20,4X Large & Tall (4XLT),SM-TLCS418,0,0,20
2049,252,1,6,8.86,2X Large (2XL),SM-LW644,9999,0,8.86
2050,152,1,7,8.86,3X Large (3XL),BC6400,18,0,8.86
2051,185,3,9,17.5,5X Large (5XL),18500,20,5,22.5
2052,186,4,9,5,5X Large (5XL),SM-8000,21,5.65,10.65
2053,187,4,7,8,3X Large (3XL),SM-8400,21,5,13
2054,188,4,8,19,4X Large (4XL),SM-996M,21,5,24
2055,189,4,7,44,3X Large (3XL),SM-BB18004,21,5,49
2056,212,4,7,5,3X Large (3XL),SM-64000L,13,5,10
2057,221,4,10,24,6X Large (6XL),SM-CS10,9999,0,24
2058,248,4,10,23,6X Large (6XL),SM-F219,9999,0,23
2059,368,4,10,19,6X Large (6XL),SM-K8000,0,0,19
2060,380,4,10,15,6X Large (6XL),SM-L500,0,0,15
2061,385,4,10,18,6X Large (6XL),SM-L508,0,0,18
2063,418,5,7,27,3X Large (3XL),SM-P180,0,0,27
2064,419,4,9,4,5X Large (5XL),SM-PC54,0,0,4
2065,419,4,10,4,6X Large (6XL),SM-PC54,0,0,4
2066,420,4,9,4.18,5X Large (5XL),SM-PC55,0,0,4.18
2067,410,4,10,4.18,6X Large (6XL),SM-ST264,0,0,4.18
2068,410,4,10,4.18,6X Large (6XL),SM-ST264,0,0,4.18
2069,420,4,10,4.18,6X Large (6XL),SM-PC55,0,0,4.18
2070,421,4,9,5,5X Large (5XL),SM-PC61,0,0,5
2071,421,4,10,5,6X Large (6XL),SM-PC61,0,0,5
2072,221,1,2,29.98,Small (S),SM-CS10,9999,0,29.98
2073,221,1,3,29.98,Medium (M),SM-CS10,9999,0,29.98
2074,221,1,4,29.98,Large (L),SM-CS10,9999,0,29.98
2075,221,1,5,29.98,Extra Large (XL),SM-CS10,9999,0,29.98
2076,221,1,6,29.98,2X Large (2XL),SM-CS10,9999,0,29.98
2077,221,1,7,29.98,3X Large (3XL),SM-CS10,9999,0,29.98
2078,221,1,8,29.98,4X Large (4XL),SM-CS10,9999,0,29.98
2079,221,1,9,29.98,5X Large (5XL),SM-CS10,9999,0,29.98
2080,221,1,10,29.98,6X Large (6XL),SM-CS10,9999,0,29.98
2081,268,1,2,30.98,Small (S),SM-CS10LONG,9999,0,30.98
2082,268,1,3,30.98,Medium (M),SM-CS10LONG,9999,0,30.98
2083,268,1,4,30.98,Large (L),SM-CS10LONG,9999,0,30.98
2084,268,1,5,30.98,Extra Large (XL),SM-CS10LONG,9999,0,30.98
2085,268,1,6,30.98,2X Large (2XL),SM-CS10LONG,9999,0,30.98
2086,242,1,1,24.98,Extra Small (XS),SM-CS20,9999,0,24.98
2087,242,1,2,24.98,Small (S),SM-CS20,9999,0,24.98
2088,242,1,3,24.98,Medium (M),SM-CS20,9999,0,24.98
2089,242,1,4,24.98,Large (L),SM-CS20,9999,0,24.98
2090,242,1,5,24.98,Extra Large (XL),SM-CS20,9999,0,24.98
2091,242,1,6,24.98,2X Large (2XL),SM-CS20,9999,0,24.98
2092,242,1,7,24.98,3X Large (3XL),SM-CS20,9999,0,24.98
2093,242,1,8,24.98,4X Large (4XL),SM-CS20,9999,0,24.98
2094,242,1,9,24.98,5X Large (5XL),SM-CS20,9999,0,24.98
2095,186,1,2,6.4,Small (S),SM-8000,21,0,6.4
2096,186,1,3,6.4,Medium (M),SM-8000,21,0,6.4
2097,186,1,4,6.4,Large (L),SM-8000,21,0,6.4
2098,186,1,5,6.4,Extra Large (XL),SM-8000,21,0,6.4
2099,186,1,6,6.4,2X Large (2XL),SM-8000,21,0,6.4
2100,186,1,7,6.4,3X Large (3XL),SM-8000,21,3,9.4
2101,186,1,8,6.4,4X Large (4XL),SM-8000,21,5,11.4
2102,186,1,9,6.4,5X Large (5XL),SM-8000,21,5,11.4
2103,187,1,2,11.74,Small (S),SM-8400,21,5,16.74
2104,187,1,3,11.74,Medium (M),SM-8400,21,0,11.74
2105,187,1,4,11.74,Large (L),SM-8400,21,0,11.74
2106,187,1,5,11.74,Extra Large (XL),SM-8400,21,0,11.74
2107,187,1,6,11.74,2X Large (2XL),SM-8400,21,0,11.74
2108,187,1,7,11.74,3X Large (3XL),SM-8400,21,3,14.74
2109,188,1,8,22.9,4X Large (4XL),SM-996M,21,5,27.9
2110,189,1,2,22.9,Small (S),SM-BB18004,21,5,27.9
2111,189,1,3,22.9,Medium (M),SM-BB18004,21,0,22.9
2112,189,1,4,22.9,Large (L),SM-BB18004,21,0,22.9
2113,189,1,5,22.9,Extra Large (XL),SM-BB18004,21,0,22.9
2114,189,1,6,22.9,2X Large (2XL),SM-BB18004,21,0,22.9
2115,189,1,7,22.9,3X Large (3XL),SM-BB18004,21,3,25.9
2116,190,1,26,6.89,N/A,SM-C806,0,5,11.89
2117,191,1,26,10.98,N/A,SM-C812,1,0,10.98
2118,194,1,1,19.98,Extra Small (XS),SM-DT156,21,0,19.98
2119,194,1,2,19.98,Small (S),SM-DT156,21,0,19.98
2120,194,1,3,19.98,Medium (M),SM-DT156,21,0,19.98
2121,194,1,4,19.98,Large (L),SM-DT156,21,0,19.98
2122,194,1,5,19.98,Extra Large (XL),SM-DT156,21,0,19.98
2123,194,1,6,19.98,2X Large (2XL),SM-DT156,21,0,19.98
2124,194,1,7,19.98,3X Large (3XL),SM-DT156,21,3,22.98
2125,194,1,8,19.98,4X Large (4XL),SM-DT156,21,5,24.98
2126,212,1,7,0,3X Large (3XL),SM-64000L,13,5,5
2127,213,1,1,11.94,Extra Small (XS),SM-8800B,0,0,11.94
2128,213,1,2,11.94,Small (S),SM-8800B,0,0,11.94
2129,213,1,3,11.94,Medium (M),SM-8800B,0,0,11.94
2130,213,1,4,11.94,Large (L),SM-8800B,0,0,11.94
2131,221,1,2,22.98,Small (S),SM-CS10,9999,0,22.98
2132,221,1,3,22.98,Medium (M),SM-CS10,9999,0,22.98
2133,221,1,4,22.98,Large (L),SM-CS10,9999,0,22.98
2134,221,1,5,22.98,Extra Large (XL),SM-CS10,9999,0,22.98
2135,221,1,6,22.98,2X Large (2XL),SM-CS10,9999,0,22.98
2136,221,1,7,22.98,3X Large (3XL),SM-CS10,9999,0,22.98
2137,221,1,8,22.98,4X Large (4XL),SM-CS10,9999,0,22.98
2138,221,1,9,22.98,5X Large (5XL),SM-CS10,9999,0,22.98
2139,221,1,10,22.98,6X Large (6XL),SM-CS10,9999,0,22.98
2140,226,1,2,43.08,Small (S),SM-CT102417,9999,0,43.08
2141,226,1,3,43.08,Medium (M),SM-CT102417,9999,0,43.08
2142,226,1,4,43.08,Large (L),SM-CT102417,9999,0,43.08
2143,226,1,5,43.08,Extra Large (XL),SM-CT102417,9999,0,43.08
2144,226,1,6,43.08,2X Large (2XL),SM-CT102417,9999,0,43.08
2145,226,1,7,43.08,3X Large (3XL),SM-CT102417,9999,0,43.08
2146,227,1,1,109.98,Extra Small (XS),SM-J321,9999,0,109.98
2147,227,1,2,109.98,Small (S),SM-J321,9999,0,109.98
2148,227,1,3,109.98,Medium (M),SM-J321,9999,0,109.98
2149,227,1,4,109.98,Large (L),SM-J321,9999,0,109.98
2150,227,1,5,109.98,Extra Large (XL),SM-J321,9999,0,109.98
2151,227,1,6,109.98,2X Large (2XL),SM-J321,9999,0,109.98
2152,227,1,7,109.98,3X Large (3XL),SM-J321,9999,0,109.98
2153,227,1,8,109.98,4X Large (4XL),SM-J321,9999,0,109.98
2154,232,1,1,21.98,Extra Small (XS),SM-CS419,9999,0,21.98
2155,232,1,2,21.98,Small (S),SM-CS419,9999,0,21.98
2156,232,1,3,21.98,Medium (M),SM-CS419,9999,0,21.98
2157,232,1,4,21.98,Large (L),SM-CS419,9999,0,21.98
2158,232,1,5,21.98,Extra Large (XL),SM-CS419,9999,0,21.98
2159,232,1,6,21.98,2X Large (2XL),SM-CS419,9999,0,21.98
2160,232,1,7,21.98,3X Large (3XL),SM-CS419,9999,0,21.98
2161,232,1,8,21.98,4X Large (4XL),SM-CS419,9999,0,21.98
2162,240,1,1,55.98,Extra Small (XS),SM-CS626,9999,0,55.98
2163,240,1,2,55.98,Small (S),SM-CS626,9999,0,55.98
2164,240,1,3,55.98,Medium (M),SM-CS626,9999,0,55.98
2165,240,1,4,55.98,Large (L),SM-CS626,9999,0,55.98
2166,240,1,5,55.98,Extra Large (XL),SM-CS626,9999,0,55.98
2167,240,1,6,55.98,2X Large (2XL),SM-CS626,9999,0,55.98
2168,240,1,7,55.98,3X Large (3XL),SM-CS626,9999,0,55.98
2169,240,1,8,55.98,4X Large (4XL),SM-CS626,9999,0,55.98
2170,242,1,1,24.98,Extra Small (XS),SM-CS20,9999,0,24.98
2171,242,1,2,24.98,Small (S),SM-CS20,9999,0,24.98
2172,242,1,3,24.98,Medium (M),SM-CS20,9999,0,24.98
2173,242,1,4,24.98,Large (L),SM-CS20,9999,0,24.98
2174,242,1,5,24.98,Extra Large (XL),SM-CS20,9999,0,24.98
2175,242,1,6,24.98,2X Large (2XL),SM-CS20,9999,0,24.98
2176,242,1,7,24.98,3X Large (3XL),SM-CS20,9999,0,24.98
2177,242,1,8,24.98,4X Large (4XL),SM-CS20,9999,0,24.98
2178,242,1,9,24.98,5X Large (5XL),SM-CS20,9999,0,24.98
2179,247,1,1,33.98,Extra Small (XS),SM-CS410,9999,0,33.98
2180,247,1,2,33.98,Small (S),SM-CS410,9999,0,33.98
2181,247,1,3,33.98,Medium (M),SM-CS410,9999,0,33.98
2182,247,1,4,33.98,Large (L),SM-CS410,9999,0,33.98
2183,247,1,5,33.98,Extra Large (XL),SM-CS410,9999,0,33.98
2184,247,1,6,33.98,2X Large (2XL),SM-CS410,9999,0,33.98
2185,247,1,7,33.98,3X Large (3XL),SM-CS410,9999,0,33.98
2186,247,1,8,33.98,4X Large (4XL),SM-CS410,9999,0,33.98
2187,247,1,10,33.98,6X Large (6XL),SM-CS410,9999,0,33.98
2188,248,1,1,27.98,Extra Small (XS),SM-F219,9999,0,27.98
2189,248,1,2,27.98,Small (S),SM-F219,9999,0,27.98
2190,248,1,3,27.98,Medium (M),SM-F219,9999,0,27.98
2191,248,1,4,27.98,Large (L),SM-F219,9999,0,27.98
2192,248,1,5,27.98,Extra Large (XL),SM-F219,9999,0,27.98
2193,248,1,6,27.98,2X Large (2XL),SM-F219,9999,0,27.98
2194,248,1,7,27.98,3X Large (3XL),SM-F219,9999,0,27.98
2195,248,1,8,27.98,4X Large (4XL),SM-F219,9999,0,27.98
2196,248,1,9,27.98,5X Large (5XL),SM-F219,9999,0,27.98
2197,248,1,10,27.98,6X Large (6XL),SM-F219,9999,0,27.98
2198,254,1,1,57.1,Extra Small (XS),SM-CSJ25,9999,0,57.1
2199,254,1,2,57.1,Small (S),SM-CSJ25,9999,0,57.1
2200,254,1,3,57.1,Medium (M),SM-CSJ25,9999,0,57.1
2201,254,1,4,57.1,Large (L),SM-CSJ25,9999,0,57.1
2202,254,1,5,57.1,Extra Large (XL),SM-CSJ25,9999,0,57.1
2203,254,1,6,57.1,2X Large (2XL),SM-CSJ25,9999,0,57.1
2204,254,1,7,57.1,3X Large (3XL),SM-CSJ25,9999,0,57.1
2205,256,1,1,39.98,Extra Small (XS),SM-J317,9999,0,39.98
2206,256,1,2,39.98,Small (S),SM-J317,9999,0,39.98
2207,256,1,3,39.98,Medium (M),SM-J317,9999,0,39.98
2208,256,1,4,39.98,Large (L),SM-J317,9999,0,39.98
2209,256,1,5,39.98,Extra Large (XL),SM-J317,9999,0,39.98
2210,256,1,6,39.98,2X Large (2XL),SM-J317,9999,0,39.98
2211,256,1,7,39.98,3X Large (3XL),SM-J317,9999,0,39.98
2212,256,1,8,39.98,4X Large (4XL),SM-J317,9999,0,39.98
2213,256,1,10,39.98,6X Large (6XL),SM-J317,9999,0,39.98
2214,256,1,11,39.98,7X Large (7XL),SM-J317,9999,0,39.98
2215,257,1,1,33.98,Extra Small (XS),SM-CS411,9999,0,33.98
2216,257,1,2,33.98,Small (S),SM-CS411,9999,0,33.98
2217,257,1,3,33.98,Medium (M),SM-CS411,9999,0,33.98
2218,257,1,4,33.98,Large (L),SM-CS411,9999,0,33.98
2219,257,1,5,33.98,Extra Large (XL),SM-CS411,9999,0,33.98
2220,257,1,6,33.98,2X Large (2XL),SM-CS411,9999,0,33.98
2221,257,1,7,33.98,3X Large (3XL),SM-CS411,9999,0,33.98
2222,257,1,8,33.98,4X Large (4XL),SM-CS411,9999,0,33.98
2223,260,1,1,9.98,Extra Small (XS),SM-DM1350L,9999,0,9.98
2224,260,1,2,9.98,Small (S),SM-DM1350L,9999,0,9.98
2225,260,1,3,9.98,Medium (M),SM-DM1350L,9999,0,9.98
2226,260,1,4,9.98,Large (L),SM-DM1350L,9999,0,9.98
2227,260,1,5,9.98,Extra Large (XL),SM-DM1350L,9999,0,9.98
2228,260,1,6,9.98,2X Large (2XL),SM-DM1350L,9999,0,9.98
2229,260,1,7,9.98,3X Large (3XL),SM-DM1350L,9999,0,9.98
2230,260,1,8,9.98,4X Large (4XL),SM-DM1350L,9999,0,9.98
2231,265,1,1,83.62,Extra Small (XS),SM-CSJ24,9999,0,83.62
2232,265,1,2,83.62,Small (S),SM-CSJ24,9999,0,83.62
2233,265,1,3,83.62,Medium (M),SM-CSJ24,9999,0,83.62
2234,265,1,4,83.62,Large (L),SM-CSJ24,9999,0,83.62
2235,265,1,5,83.62,Extra Large (XL),SM-CSJ24,9999,0,83.62
2236,265,1,6,83.62,2X Large (2XL),SM-CSJ24,9999,0,83.62
2237,265,1,7,83.62,3X Large (3XL),SM-CSJ24,9999,0,83.62
2238,268,1,2,33.98,Small (S),SM-CS10LONG,9999,0,33.98
2239,268,1,3,33.98,Medium (M),SM-CS10LONG,9999,0,33.98
2240,268,1,4,33.98,Large (L),SM-CS10LONG,9999,0,33.98
2241,268,1,5,33.98,Extra Large (XL),SM-CS10LONG,9999,0,33.98
2242,268,1,6,33.98,2X Large (2XL),SM-CS10LONG,9999,0,33.98
2243,270,1,1,9.98,Extra Small (XS),SM-DT7501,9999,0,9.98
2244,270,1,2,9.98,Small (S),SM-DT7501,9999,0,9.98
2245,270,1,3,9.98,Medium (M),SM-DT7501,9999,0,9.98
2246,270,1,4,9.98,Large (L),SM-DT7501,9999,0,9.98
2247,270,1,5,9.98,Extra Large (XL),SM-DT7501,9999,0,9.98
2248,270,1,6,9.98,2X Large (2XL),SM-DT7501,9999,0,9.98
2249,270,1,7,9.98,3X Large (3XL),SM-DT7501,9999,0,9.98
2250,270,1,8,9.98,4X Large (4XL),SM-DT7501,9999,0,9.98
2251,285,1,1,11.98,Extra Small (XS),SM-DT132L,9999,0,11.98
2252,285,1,2,11.98,Small (S),SM-DT132L,9999,0,11.98
2253,285,1,3,11.98,Medium (M),SM-DT132L,9999,0,11.98
2254,285,1,4,11.98,Large (L),SM-DT132L,9999,0,11.98
2255,285,1,5,11.98,Extra Large (XL),SM-DT132L,9999,0,11.98
2256,285,1,6,11.98,2X Large (2XL),SM-DT132L,9999,0,11.98
2257,285,1,7,11.98,3X Large (3XL),SM-DT132L,9999,0,11.98
2258,285,1,8,11.98,4X Large (4XL),SM-DT132L,9999,0,11.98
2259,292,1,1,22.98,Extra Small (XS),SM-CS201,9999,0,22.98
2260,292,1,2,22.98,Small (S),SM-CS201,9999,0,22.98
2261,292,1,3,22.98,Medium (M),SM-CS201,9999,0,22.98
2262,292,1,4,22.98,Large (L),SM-CS201,9999,0,22.98
2263,292,1,5,22.98,Extra Large (XL),SM-CS201,9999,0,22.98
2264,292,1,6,22.98,2X Large (2XL),SM-CS201,9999,0,22.98
2265,292,1,7,22.98,3X Large (3XL),SM-CS201,9999,0,22.98
2266,292,1,8,22.98,4X Large (4XL),SM-CS201,9999,0,22.98
2267,297,1,1,39.98,Extra Small (XS),SM-CS410LS,9999,0,39.98
2268,297,1,2,39.98,Small (S),SM-CS410LS,9999,0,39.98
2269,297,1,3,39.98,Medium (M),SM-CS410LS,9999,0,39.98
2270,297,1,4,39.98,Large (L),SM-CS410LS,9999,0,39.98
2271,297,1,5,39.98,Extra Large (XL),SM-CS410LS,9999,0,39.98
2272,297,1,6,39.98,2X Large (2XL),SM-CS410LS,9999,0,39.98
2273,297,1,7,39.98,3X Large (3XL),SM-CS410LS,9999,0,39.98
2274,297,1,8,39.98,4X Large (4XL),SM-CS410LS,9999,0,39.98
2275,298,1,1,32.98,Extra Small (XS),SM-L659,22,0,32.98
2276,298,1,2,32.98,Small (S),SM-L659,22,0,32.98
2277,298,1,3,32.98,Medium (M),SM-L659,22,0,32.98
2278,298,1,4,32.98,Large (L),SM-L659,22,0,32.98
2279,298,1,5,32.98,Extra Large (XL),SM-L659,22,0,32.98
2280,298,1,6,32.98,2X Large (2XL),SM-L659,22,0,32.98
2281,298,1,7,32.98,3X Large (3XL),SM-L659,22,0,32.98
2282,298,1,8,32.98,4X Large (4XL),SM-L659,22,0,32.98
2283,300,1,1,59.98,Extra Small (XS),SM-J333,9999,0,59.98
2284,300,1,2,59.98,Small (S),SM-J333,9999,0,59.98
2285,300,1,3,59.98,Medium (M),SM-J333,9999,0,59.98
2286,300,1,4,59.98,Large (L),SM-J333,9999,0,59.98
2287,300,1,5,59.98,Extra Large (XL),SM-J333,9999,0,59.98
2288,300,1,6,59.98,2X Large (2XL),SM-J333,9999,0,59.98
2289,300,1,7,59.98,3X Large (3XL),SM-J333,9999,0,59.98
2290,300,1,8,59.98,4X Large (4XL),SM-J333,9999,0,59.98
2291,300,1,9,59.98,5X Large (5XL),SM-J333,9999,0,59.98
2292,300,1,10,59.98,6X Large (6XL),SM-J333,9999,0,59.98
2293,347,1,1,13.98,Extra Small (XS),SM-K100,1,0,13.98
2294,347,1,2,13.98,Small (S),SM-K100,1,0,13.98
2295,347,1,3,13.98,Medium (M),SM-K100,1,0,13.98
2296,347,1,4,13.98,Large (L),SM-K100,1,0,13.98
2297,347,1,5,13.98,Extra Large (XL),SM-K100,1,0,13.98
2298,347,1,6,13.98,2X Large (2XL),SM-K100,1,0,13.98
2299,347,1,7,13.98,3X Large (3XL),SM-K100,1,2,15.98
2300,347,1,8,13.98,4X Large (4XL),SM-K100,1,6,19.98
2301,347,1,9,13.98,5X Large (5XL),SM-K100,1,8,21.98
2302,347,1,10,13.98,6X Large (6XL),SM-K100,1,12,25.98
2303,349,1,1,18.98,Extra Small (XS),SM-K100LS,1,14,32.98
2304,349,1,2,18.98,Small (S),SM-K100LS,1,0,18.98
2305,349,1,3,18.98,Medium (M),SM-K100LS,1,0,18.98
2306,349,1,4,18.98,Large (L),SM-K100LS,1,0,18.98
2307,349,1,5,18.98,Extra Large (XL),SM-K100LS,1,0,18.98
2308,349,1,6,18.98,2X Large (2XL),SM-K100LS,1,0,18.98
2309,349,1,7,18.98,3X Large (3XL),SM-K100LS,1,2,20.98
2310,349,1,8,18.98,4X Large (4XL),SM-K100LS,1,6,24.98
2311,350,1,1,17.98,Extra Small (XS),SM-K500,9999,8,25.98
2312,350,1,2,17.98,Small (S),SM-K500,9999,0,17.98
2313,350,1,3,17.98,Medium (M),SM-K500,9999,0,17.98
2314,350,1,4,17.98,Large (L),SM-K500,9999,0,17.98
2315,350,1,5,17.98,Extra Large (XL),SM-K500,9999,0,17.98
2316,350,1,6,17.98,2X Large (2XL),SM-K500,9999,0,17.98
2317,350,1,7,17.98,3X Large (3XL),SM-K500,9999,0,17.98
2318,350,1,8,17.98,4X Large (4XL),SM-K500,9999,0,17.98
2319,350,1,9,17.98,5X Large (5XL),SM-K500,9999,0,17.98
2320,350,1,10,17.98,6X Large (6XL),SM-K500,9999,0,17.98
2321,364,1,1,28.98,Extra Small (XS),SM-K524,1,0,28.98
2322,364,1,2,28.98,Small (S),SM-K524,1,0,28.98
2323,364,1,3,28.98,Medium (M),SM-K524,1,0,28.98
2324,364,1,4,28.98,Large (L),SM-K524,1,0,28.98
2325,364,1,5,28.98,Extra Large (XL),SM-K524,1,0,28.98
2326,364,1,6,28.98,2X Large (2XL),SM-K524,1,0,28.98
2327,364,1,7,28.98,3X Large (3XL),SM-K524,1,2,30.98
2328,364,1,8,28.98,4X Large (4XL),SM-K524,1,6,34.98
2329,364,1,9,28.98,5X Large (5XL),SM-K524,1,8,36.98
2330,364,1,10,28.98,6X Large (6XL),SM-K524,1,12,40.98
2331,365,1,1,15.18,Extra Small (XS),SM-K540,1,14,29.18
2332,365,1,2,15.18,Small (S),SM-K540,1,0,15.18
2333,365,1,3,15.18,Medium (M),SM-K540,1,0,15.18
2334,365,1,4,15.18,Large (L),SM-K540,1,0,15.18
2335,365,1,5,15.18,Extra Large (XL),SM-K540,1,0,15.18
2336,365,1,6,15.18,2X Large (2XL),SM-K540,1,0,15.18
2337,365,1,7,15.18,3X Large (3XL),SM-K540,1,2,17.18
2338,365,1,8,15.18,4X Large (4XL),SM-K540,1,6,21.18
2339,365,1,9,15.18,5X Large (5XL),SM-K540,1,8,23.18
2340,365,1,10,15.18,6X Large (6XL),SM-K540,1,12,27.18
2341,368,1,1,22.98,Extra Small (XS),SM-K8000,0,14,36.98
2342,368,1,2,22.98,Small (S),SM-K8000,0,0,22.98
2343,368,1,3,22.98,Medium (M),SM-K8000,0,0,22.98
2344,368,1,4,22.98,Large (L),SM-K8000,0,0,22.98
2345,368,1,5,22.98,Extra Large (XL),SM-K8000,0,0,22.98
2346,368,1,6,22.98,2X Large (2XL),SM-K8000,0,0,22.98
2347,368,1,7,22.98,3X Large (3XL),SM-K8000,0,0,22.98
2348,368,1,8,22.98,4X Large (4XL),SM-K8000,0,0,22.98
2349,368,1,9,22.98,5X Large (5XL),SM-K8000,0,0,22.98
2350,368,1,10,22.98,6X Large (6XL),SM-K8000,0,0,22.98
2351,369,1,15,12.3,Large & Tall (LT),SM-KP55T,0,0,12.3
2352,369,1,16,12.3,Extra Large & Tall (XLT),SM-KP55T,0,0,12.3
2353,369,1,17,12.3,2X Large & Tall (2XLT),SM-KP55T,0,0,12.3
2354,369,1,18,12.3,3X Large & Tall (3XLT),SM-KP55T,0,0,12.3
2355,369,1,19,12.3,4X Large & Tall (4XLT),SM-KP55T,0,0,12.3
2356,370,1,1,9.28,Extra Small (XS),SM-KP55Y,0,0,9.28
2357,370,1,2,9.28,Small (S),SM-KP55Y,0,0,9.28
2358,370,1,3,9.28,Medium (M),SM-KP55Y,0,0,9.28
2359,370,1,4,9.28,Large (L),SM-KP55Y,0,0,9.28
2360,370,1,5,9.28,Extra Large (XL),SM-KP55Y,0,0,9.28
2361,371,1,1,41.98,Extra Small (XS),SM-L130,0,0,41.98
2362,371,1,2,41.98,Small (S),SM-L130,0,0,41.98
2363,371,1,3,41.98,Medium (M),SM-L130,0,0,41.98
2364,371,1,4,41.98,Large (L),SM-L130,0,0,41.98
2365,371,1,5,41.98,Extra Large (XL),SM-L130,0,0,41.98
2366,371,1,6,41.98,2X Large (2XL),SM-L130,0,0,41.98
2367,371,1,7,41.98,3X Large (3XL),SM-L130,0,0,41.98
2368,371,1,8,41.98,4X Large (4XL),SM-L130,0,0,41.98
2369,372,1,1,27.58,Extra Small (XS),SM-K8000LS,0,0,27.58
2370,372,1,2,27.58,Small (S),SM-K8000LS,0,0,27.58
2371,372,1,3,27.58,Medium (M),SM-K8000LS,0,0,27.58
2372,372,1,4,27.58,Large (L),SM-K8000LS,0,0,27.58
2373,372,1,5,27.58,Extra Large (XL),SM-K8000LS,0,0,27.58
2374,372,1,6,27.58,2X Large (2XL),SM-K8000LS,0,0,27.58
2375,372,1,7,27.58,3X Large (3XL),SM-K8000LS,0,0,27.58
2376,372,1,8,27.58,4X Large (4XL),SM-K8000LS,0,0,27.58
2377,373,1,1,26.98,Extra Small (XS),SM-L223,0,0,26.98
2378,373,1,2,26.98,Small (S),SM-L223,0,0,26.98
2379,373,1,3,26.98,Medium (M),SM-L223,0,0,26.98
2380,373,1,4,26.98,Large (L),SM-L223,0,0,26.98
2381,373,1,5,26.98,Extra Large (XL),SM-L223,0,0,26.98
2382,373,1,6,26.98,2X Large (2XL),SM-L223,0,0,26.98
2383,373,1,7,26.98,3X Large (3XL),SM-L223,0,0,26.98
2384,373,1,8,26.98,4X Large (4XL),SM-L223,0,0,26.98
2385,374,1,1,27.98,Extra Small (XS),SM-L219,0,0,27.98
2386,374,1,2,27.98,Small (S),SM-L219,0,0,27.98
2387,374,1,3,27.98,Medium (M),SM-L219,0,0,27.98
2388,374,1,4,27.98,Large (L),SM-L219,0,0,27.98
2389,374,1,5,27.98,Extra Large (XL),SM-L219,0,0,27.98
2390,374,1,6,27.98,2X Large (2XL),SM-L219,0,0,27.98
2391,374,1,7,27.98,3X Large (3XL),SM-L219,0,0,27.98
2392,374,1,8,27.98,4X Large (4XL),SM-L219,0,0,27.98
2393,375,1,1,59.98,Extra Small (XS),SM-L333,0,0,59.98
2394,375,1,2,59.98,Small (S),SM-L333,0,0,59.98
2395,375,1,3,59.98,Medium (M),SM-L333,0,0,59.98
2396,375,1,4,59.98,Large (L),SM-L333,0,0,59.98
2397,375,1,5,59.98,Extra Large (XL),SM-L333,0,0,59.98
2398,375,1,6,59.98,2X Large (2XL),SM-L333,0,0,59.98
2399,375,1,7,59.98,3X Large (3XL),SM-L333,0,0,59.98
2400,375,1,8,59.98,4X Large (4XL),SM-L333,0,0,59.98
2401,376,1,1,41.98,Extra Small (XS),SM-L298,0,0,41.98
2402,376,1,2,41.98,Small (S),SM-L298,0,0,41.98
2403,376,1,3,41.98,Medium (M),SM-L298,0,0,41.98
2404,376,1,4,41.98,Large (L),SM-L298,0,0,41.98
2405,376,1,5,41.98,Extra Large (XL),SM-L298,0,0,41.98
2406,376,1,6,41.98,2X Large (2XL),SM-L298,0,0,41.98
2407,376,1,7,41.98,3X Large (3XL),SM-L298,0,0,41.98
2408,376,1,8,41.98,4X Large (4XL),SM-L298,0,0,41.98
2409,377,1,1,24.98,Extra Small (XS),SM-L226,0,0,24.98
2410,377,1,2,24.98,Small (S),SM-L226,0,0,24.98
2411,377,1,3,24.98,Medium (M),SM-L226,0,0,24.98
2412,377,1,4,24.98,Large (L),SM-L226,0,0,24.98
2413,377,1,5,24.98,Extra Large (XL),SM-L226,0,0,24.98
2414,377,1,6,24.98,2X Large (2XL),SM-L226,0,0,24.98
2415,377,1,7,24.98,3X Large (3XL),SM-L226,0,0,24.98
2416,377,1,8,24.98,4X Large (4XL),SM-L226,0,0,24.98
2417,378,1,1,23.98,Extra Small (XS),SM-L344,0,0,23.98
2418,378,1,2,23.98,Small (S),SM-L344,0,0,23.98
2419,378,1,3,23.98,Medium (M),SM-L344,0,0,23.98
2420,378,1,4,23.98,Large (L),SM-L344,0,0,23.98
2421,378,1,5,23.98,Extra Large (XL),SM-L344,0,0,23.98
2422,378,1,6,23.98,2X Large (2XL),SM-L344,0,0,23.98
2423,378,1,7,23.98,3X Large (3XL),SM-L344,0,0,23.98
2424,378,1,8,23.98,4X Large (4XL),SM-L344,0,0,23.98
2425,379,1,1,22.98,Extra Small (XS),SM-L469,0,0,22.98
2426,379,1,2,22.98,Small (S),SM-L469,0,0,22.98
2427,379,1,3,22.98,Medium (M),SM-L469,0,0,22.98
2428,379,1,4,22.98,Large (L),SM-L469,0,0,22.98
2429,379,1,5,22.98,Extra Large (XL),SM-L469,0,0,22.98
2430,379,1,6,22.98,2X Large (2XL),SM-L469,0,0,22.98
2431,379,1,7,22.98,3X Large (3XL),SM-L469,0,0,22.98
2432,379,1,8,22.98,4X Large (4XL),SM-L469,0,0,22.98
2433,380,1,1,17.98,Extra Small (XS),SM-L500,0,0,17.98
2434,380,1,2,17.98,Small (S),SM-L500,0,0,17.98
2435,380,1,3,17.98,Medium (M),SM-L500,0,0,17.98
2436,380,1,4,17.98,Large (L),SM-L500,0,0,17.98
2437,380,1,5,17.98,Extra Large (XL),SM-L500,0,0,17.98
2438,380,1,6,17.98,2X Large (2XL),SM-L500,0,0,17.98
2439,380,1,7,17.98,3X Large (3XL),SM-L500,0,0,17.98
2440,380,1,8,17.98,4X Large (4XL),SM-L500,0,0,17.98
2441,380,1,9,17.98,5X Large (5XL),SM-L500,0,0,17.98
2442,380,1,10,17.98,6X Large (6XL),SM-L500,0,0,17.98
2443,381,1,1,22.42,Extra Small (XS),SM-L562,0,0,22.42
2444,381,1,2,22.42,Small (S),SM-L562,0,0,22.42
2445,381,1,3,22.42,Medium (M),SM-L562,0,0,22.42
2446,381,1,4,22.42,Large (L),SM-L562,0,0,22.42
2447,381,1,5,22.42,Extra Large (XL),SM-L562,0,0,22.42
2448,381,1,6,22.42,2X Large (2XL),SM-L562,0,0,22.42
2449,381,1,7,22.42,3X Large (3XL),SM-L562,0,0,22.42
2450,381,1,8,22.42,4X Large (4XL),SM-L562,0,0,22.42
2451,382,1,1,34.98,Extra Small (XS),SM-L5430,0,0,34.98
2452,382,1,2,34.98,Small (S),SM-L5430,0,0,34.98
2453,382,1,3,34.98,Medium (M),SM-L5430,0,0,34.98
2454,382,1,4,34.98,Large (L),SM-L5430,0,0,34.98
2455,382,1,5,34.98,Extra Large (XL),SM-L5430,0,0,34.98
2456,382,1,6,34.98,2X Large (2XL),SM-L5430,0,0,34.98
2457,382,1,7,34.98,3X Large (3XL),SM-L5430,0,0,34.98
2458,382,1,8,34.98,4X Large (4XL),SM-L5430,0,0,34.98
2459,383,1,1,22.42,Extra Small (XS),SM-L528,0,0,22.42
2460,383,1,2,22.42,Small (S),SM-L528,0,0,22.42
2461,383,1,3,22.42,Medium (M),SM-L528,0,0,22.42
2462,383,1,4,22.42,Large (L),SM-L528,0,0,22.42
2463,383,1,5,22.42,Extra Large (XL),SM-L528,0,0,22.42
2464,383,1,6,22.42,2X Large (2XL),SM-L528,0,0,22.42
2465,383,1,7,22.42,3X Large (3XL),SM-L528,0,0,22.42
2466,383,1,8,22.42,4X Large (4XL),SM-L528,0,0,22.42
2467,384,1,1,24.98,Extra Small (XS),SM-L500LS,0,0,24.98
2468,384,1,2,24.98,Small (S),SM-L500LS,0,0,24.98
2469,384,1,3,24.98,Medium (M),SM-L500LS,0,0,24.98
2470,384,1,4,24.98,Large (L),SM-L500LS,0,0,24.98
2471,384,1,5,24.98,Extra Large (XL),SM-L500LS,0,0,24.98
2472,384,1,6,24.98,2X Large (2XL),SM-L500LS,0,0,24.98
2473,384,1,7,24.98,3X Large (3XL),SM-L500LS,0,0,24.98
2474,384,1,8,24.98,4X Large (4XL),SM-L500LS,0,0,24.98
2475,385,1,1,24.98,Extra Small (XS),SM-L508,0,0,24.98
2476,385,1,2,24.98,Small (S),SM-L508,0,0,24.98
2477,385,1,3,24.98,Medium (M),SM-L508,0,0,24.98
2478,385,1,4,24.98,Large (L),SM-L508,0,0,24.98
2479,385,1,5,24.98,Extra Large (XL),SM-L508,0,0,24.98
2480,385,1,6,24.98,2X Large (2XL),SM-L508,0,0,24.98
2481,385,1,7,24.98,3X Large (3XL),SM-L508,0,0,24.98
2482,385,1,8,24.98,4X Large (4XL),SM-L508,0,0,24.98
2483,385,1,9,24.98,5X Large (5XL),SM-L508,0,0,24.98
2484,385,1,10,24.98,6X Large (6XL),SM-L508,0,0,24.98
2485,386,1,1,21.98,Extra Small (XS),SM-LK111,0,0,21.98
2486,386,1,2,21.98,Small (S),SM-LK111,0,0,21.98
2487,386,1,3,21.98,Medium (M),SM-LK111,0,0,21.98
2488,386,1,4,21.98,Large (L),SM-LK111,0,0,21.98
2489,386,1,5,21.98,Extra Large (XL),SM-LK111,0,0,21.98
2490,386,1,6,21.98,2X Large (2XL),SM-LK111,0,0,21.98
2491,386,1,7,21.98,3X Large (3XL),SM-LK111,0,0,21.98
2492,386,1,8,21.98,4X Large (4XL),SM-LK111,0,0,21.98
2493,387,1,1,39.98,Extra Small (XS),SM-L901,0,0,39.98
2494,387,1,2,39.98,Small (S),SM-L901,0,0,39.98
2495,387,1,3,39.98,Medium (M),SM-L901,0,0,39.98
2496,387,1,4,39.98,Large (L),SM-L901,0,0,39.98
2497,387,1,5,39.98,Extra Large (XL),SM-L901,0,0,39.98
2498,387,1,6,39.98,2X Large (2XL),SM-L901,0,0,39.98
2499,387,1,7,39.98,3X Large (3XL),SM-L901,0,0,39.98
2500,387,1,8,39.98,4X Large (4XL),SM-L901,0,0,39.98
2501,388,1,1,35.98,Extra Small (XS),SM-LK5434,0,0,35.98
2502,388,1,2,35.98,Small (S),SM-LK5434,0,0,35.98
2503,388,1,3,35.98,Medium (M),SM-LK5434,0,0,35.98
2504,388,1,4,35.98,Large (L),SM-LK5434,0,0,35.98
2505,388,1,5,35.98,Extra Large (XL),SM-LK5434,0,0,35.98
2506,388,1,6,35.98,2X Large (2XL),SM-LK5434,0,0,35.98
2507,388,1,7,35.98,3X Large (3XL),SM-LK5434,0,0,35.98
2508,388,1,8,35.98,4X Large (4XL),SM-LK5434,0,0,35.98
2509,389,1,1,33.98,Extra Small (XS),SM-L654,0,0,33.98
2510,389,1,2,33.98,Small (S),SM-L654,0,0,33.98
2511,389,1,3,33.98,Medium (M),SM-L654,0,0,33.98
2512,389,1,4,33.98,Large (L),SM-L654,0,0,33.98
2513,389,1,5,33.98,Extra Large (XL),SM-L654,0,0,33.98
2514,389,1,6,33.98,2X Large (2XL),SM-L654,0,0,33.98
2515,389,1,7,33.98,3X Large (3XL),SM-L654,0,0,33.98
2516,389,1,8,33.98,4X Large (4XL),SM-L654,0,0,33.98
2517,390,1,1,73.98,Extra Small (XS),SM-L900,0,0,73.98
2518,390,1,2,73.98,Small (S),SM-L900,0,0,73.98
2519,390,1,3,73.98,Medium (M),SM-L900,0,0,73.98
2520,390,1,4,73.98,Large (L),SM-L900,0,0,73.98
2521,390,1,5,73.98,Extra Large (XL),SM-L900,0,0,73.98
2522,390,1,6,73.98,2X Large (2XL),SM-L900,0,0,73.98
2523,390,1,7,73.98,3X Large (3XL),SM-L900,0,0,73.98
2524,390,1,8,73.98,4X Large (4XL),SM-L900,0,0,73.98
2525,391,1,1,16.98,Extra Small (XS),SM-LK110,0,0,16.98
2526,391,1,2,16.98,Small (S),SM-LK110,0,0,16.98
2527,391,1,3,16.98,Medium (M),SM-LK110,0,0,16.98
2528,391,1,4,16.98,Large (L),SM-LK110,0,0,16.98
2529,391,1,5,16.98,Extra Large (XL),SM-LK110,0,0,16.98
2530,391,1,6,16.98,2X Large (2XL),SM-LK110,0,0,16.98
2531,391,1,7,16.98,3X Large (3XL),SM-LK110,0,0,16.98
2532,391,1,8,16.98,4X Large (4XL),SM-LK110,0,0,16.98
2533,393,1,1,22.42,Extra Small (XS),SM-LK583,0,0,22.42
2534,393,1,2,22.42,Small (S),SM-LK583,0,0,22.42
2535,393,1,3,22.42,Medium (M),SM-LK583,0,0,22.42
2536,393,1,4,22.42,Large (L),SM-LK583,0,0,22.42
2537,393,1,5,22.42,Extra Large (XL),SM-LK583,0,0,22.42
2538,393,1,6,22.42,2X Large (2XL),SM-LK583,0,0,22.42
2539,393,1,7,22.42,3X Large (3XL),SM-LK583,0,0,22.42
2540,393,1,8,22.42,4X Large (4XL),SM-LK583,0,0,22.42
2541,394,1,1,26.98,Extra Small (XS),SM-LM1008,0,0,26.98
2542,394,1,2,26.98,Small (S),SM-LM1008,0,0,26.98
2543,394,1,3,26.98,Medium (M),SM-LM1008,0,0,26.98
2544,394,1,4,26.98,Large (L),SM-LM1008,0,0,26.98
2545,394,1,5,26.98,Extra Large (XL),SM-LM1008,0,0,26.98
2546,394,1,6,26.98,2X Large (2XL),SM-LM1008,0,0,26.98
2547,394,1,7,26.98,3X Large (3XL),SM-LM1008,0,0,26.98
2548,394,1,8,26.98,4X Large (4XL),SM-LM1008,0,0,26.98
2549,395,1,1,59.98,Extra Small (XS),SM-LM2000,0,0,59.98
2550,395,1,2,59.98,Small (S),SM-LM2000,0,0,59.98
2551,395,1,3,59.98,Medium (M),SM-LM2000,0,0,59.98
2552,395,1,4,59.98,Large (L),SM-LM2000,0,0,59.98
2553,395,1,5,59.98,Extra Large (XL),SM-LM2000,0,0,59.98
2554,395,1,6,59.98,2X Large (2XL),SM-LM2000,0,0,59.98
2555,395,1,7,59.98,3X Large (3XL),SM-LM2000,0,0,59.98
2556,395,1,8,59.98,4X Large (4XL),SM-LM2000,0,0,59.98
2557,396,1,1,82,Extra Small (XS),SM-LOE722,0,0,82
2558,396,1,2,82,Small (S),SM-LOE722,0,0,82
2559,396,1,3,82,Medium (M),SM-LOE722,0,0,82
2560,396,1,4,82,Large (L),SM-LOE722,0,0,82
2561,396,1,5,82,Extra Large (XL),SM-LOE722,0,0,82
2562,396,1,6,82,2X Large (2XL),SM-LOE722,0,0,82
2563,396,1,7,82,3X Large (3XL),SM-LOE722,0,0,82
2564,396,1,8,82,4X Large (4XL),SM-LOE722,0,0,82
2565,397,1,1,45,Extra Small (XS),SM-LOG105,0,0,45
2566,397,1,2,45,Small (S),SM-LOG105,0,0,45
2567,397,1,3,45,Medium (M),SM-LOG105,0,0,45
2568,397,1,4,45,Large (L),SM-LOG105,0,0,45
2569,397,1,5,45,Extra Large (XL),SM-LOG105,0,0,45
2570,397,1,6,45,2X Large (2XL),SM-LOG105,0,0,45
2571,397,1,7,45,3X Large (3XL),SM-LOG105,0,0,45
2572,397,1,8,45,4X Large (4XL),SM-LOG105,0,0,45
2573,398,1,1,32.5,Extra Small (XS),SM-LOG101,0,0,32.5
2574,398,1,2,32.5,Small (S),SM-LOG101,0,0,32.5
2575,398,1,3,32.5,Medium (M),SM-LOG101,0,0,32.5
2576,398,1,4,32.5,Large (L),SM-LOG101,0,0,32.5
2577,398,1,5,32.5,Extra Large (XL),SM-LOG101,0,0,32.5
2578,398,1,6,32.5,2X Large (2XL),SM-LOG101,0,0,32.5
2579,398,1,7,32.5,3X Large (3XL),SM-LOG101,0,0,32.5
2580,398,1,8,32.5,4X Large (4XL),SM-LOG101,0,0,32.5
2581,399,1,1,15.98,Extra Small (XS),SM-LST357,0,0,15.98
2582,399,1,2,15.98,Small (S),SM-LST357,0,0,15.98
2583,399,1,3,15.98,Medium (M),SM-LST357,0,0,15.98
2584,399,1,4,15.98,Large (L),SM-LST357,0,0,15.98
2585,399,1,5,15.98,Extra Large (XL),SM-LST357,0,0,15.98
2586,399,1,6,15.98,2X Large (2XL),SM-LST357,0,0,15.98
2587,399,1,7,15.98,3X Large (3XL),SM-LST357,0,0,15.98
2588,399,1,8,15.98,4X Large (4XL),SM-LST357,0,0,15.98
2589,401,1,1,9.68,Extra Small (XS),SM-LPC54LS,0,0,9.68
2590,401,1,2,9.68,Small (S),SM-LPC54LS,0,0,9.68
2591,401,1,3,9.68,Medium (M),SM-LPC54LS,0,0,9.68
2592,401,1,4,9.68,Large (L),SM-LPC54LS,0,0,9.68
2593,401,1,5,9.68,Extra Large (XL),SM-LPC54LS,0,0,9.68
2594,401,1,6,9.68,2X Large (2XL),SM-LPC54LS,0,0,9.68
2595,401,1,7,9.68,3X Large (3XL),SM-LPC54LS,0,0,9.68
2596,401,1,8,9.68,4X Large (4XL),SM-LPC54LS,0,0,9.68
2597,402,1,1,17.98,Extra Small (XS),SM-LST660,0,0,17.98
2598,402,1,2,17.98,Small (S),SM-LST660,0,0,17.98
2599,402,1,3,17.98,Medium (M),SM-LST660,0,0,17.98
2600,402,1,4,17.98,Large (L),SM-LST660,0,0,17.98
2601,402,1,5,17.98,Extra Large (XL),SM-LST660,0,0,17.98
2602,402,1,6,17.98,2X Large (2XL),SM-LST660,0,0,17.98
2603,402,1,7,17.98,3X Large (3XL),SM-LST660,0,0,17.98
2604,402,1,8,17.98,4X Large (4XL),SM-LST660,0,0,17.98
2605,403,1,1,51.52,Extra Small (XS),SM-LSW289,0,0,51.52
2606,403,1,2,51.52,Small (S),SM-LSW289,0,0,51.52
2607,403,1,3,51.52,Medium (M),SM-LSW289,0,0,51.52
2608,403,1,4,51.52,Large (L),SM-LSW289,0,0,51.52
2609,403,1,5,51.52,Extra Large (XL),SM-LSW289,0,0,51.52
2610,403,1,6,51.52,2X Large (2XL),SM-LSW289,0,0,51.52
2611,403,1,7,51.52,3X Large (3XL),SM-LSW289,0,0,51.52
2612,403,1,8,51.52,4X Large (4XL),SM-LSW289,0,0,51.52
2613,404,1,1,41.32,Extra Small (XS),SM-LSW287,0,0,41.32
2614,404,1,2,41.32,Small (S),SM-LSW287,0,0,41.32
2615,404,1,3,41.32,Medium (M),SM-LSW287,0,0,41.32
2616,404,1,4,41.32,Large (L),SM-LSW287,0,0,41.32
2617,404,1,5,41.32,Extra Large (XL),SM-LSW287,0,0,41.32
2618,404,1,6,41.32,2X Large (2XL),SM-LSW287,0,0,41.32
2619,404,1,7,41.32,3X Large (3XL),SM-LSW287,0,0,41.32
2620,404,1,8,41.32,4X Large (4XL),SM-LSW287,0,0,41.32
2621,405,1,1,22.42,Extra Small (XS),SM-LST650,0,0,22.42
2622,405,1,2,22.42,Small (S),SM-LST650,0,0,22.42
2623,405,1,3,22.42,Medium (M),SM-LST650,0,0,22.42
2624,405,1,4,22.42,Large (L),SM-LST650,0,0,22.42
2625,405,1,5,22.42,Extra Large (XL),SM-LST650,0,0,22.42
2626,405,1,6,22.42,2X Large (2XL),SM-LST650,0,0,22.42
2627,405,1,7,22.42,3X Large (3XL),SM-LST650,0,0,22.42
2628,405,1,8,22.42,4X Large (4XL),SM-LST650,0,0,22.42
2629,406,1,1,35.98,Extra Small (XS),SM-LST630,0,0,35.98
2630,406,1,2,35.98,Small (S),SM-LST630,0,0,35.98
2631,406,1,3,35.98,Medium (M),SM-LST630,0,0,35.98
2632,406,1,4,35.98,Large (L),SM-LST630,0,0,35.98
2633,406,1,5,35.98,Extra Large (XL),SM-LST630,0,0,35.98
2634,406,1,6,35.98,2X Large (2XL),SM-LST630,0,0,35.98
2635,406,1,7,35.98,3X Large (3XL),SM-LST630,0,0,35.98
2636,406,1,8,35.98,4X Large (4XL),SM-LST630,0,0,35.98
2637,407,1,15,29.98,Large & Tall (LT),SM-TLCS410,0,0,29.98
2638,407,1,16,29.98,Extra Large & Tall (XLT),SM-TLCS410,0,0,29.98
2639,407,1,17,29.98,2X Large & Tall (2XLT),SM-TLCS410,0,0,29.98
2640,407,1,18,29.98,3X Large & Tall (3XLT),SM-TLCS410,0,0,29.98
2641,407,1,19,29.98,4X Large & Tall (4XLT),SM-TLCS410,0,0,29.98
2642,408,1,15,24.98,Large & Tall (LT),SM-TK469,0,0,24.98
2643,408,1,16,24.98,Extra Large & Tall (XLT),SM-TK469,0,0,24.98
2644,408,1,17,24.98,2X Large & Tall (2XLT),SM-TK469,0,0,24.98
2645,408,1,18,24.98,3X Large & Tall (3XLT),SM-TK469,0,0,24.98
2646,408,1,19,24.98,4X Large & Tall (4XLT),SM-TK469,0,0,24.98
2647,409,1,1,49.98,Extra Small (XS),SM-MM3023,0,0,49.98
2648,409,1,2,49.98,Small (S),SM-MM3023,0,0,49.98
2649,409,1,3,49.98,Medium (M),SM-MM3023,0,0,49.98
2650,409,1,4,49.98,Large (L),SM-MM3023,0,0,49.98
2651,409,1,5,49.98,Extra Large (XL),SM-MM3023,0,0,49.98
2652,409,1,6,49.98,2X Large (2XL),SM-MM3023,0,0,49.98
2653,409,1,7,49.98,3X Large (3XL),SM-MM3023,0,0,49.98
2654,409,1,8,49.98,4X Large (4XL),SM-MM3023,0,0,49.98
2655,410,1,1,37.98,Extra Small (XS),SM-ST264,0,0,37.98
2656,410,1,2,37.98,Small (S),SM-ST264,0,0,37.98
2657,410,1,3,37.98,Medium (M),SM-ST264,0,0,37.98
2658,410,1,4,37.98,Large (L),SM-ST264,0,0,37.98
2659,410,1,5,37.98,Extra Large (XL),SM-ST264,0,0,37.98
2660,410,1,6,37.98,2X Large (2XL),SM-ST264,0,0,37.98
2661,410,1,7,37.98,3X Large (3XL),SM-ST264,0,0,37.98
2662,410,1,8,37.98,4X Large (4XL),SM-ST264,0,0,37.98
2663,410,1,10,37.98,6X Large (6XL),SM-ST264,0,0,37.98
2664,410,1,10,37.98,6X Large (6XL),SM-ST264,0,0,37.98
2665,411,1,15,65.26,Large & Tall (LT),SM-TLJ705,0,0,65.26
2666,411,1,16,65.26,Extra Large & Tall (XLT),SM-TLJ705,0,0,65.26
2667,411,1,17,65.26,2X Large & Tall (2XLT),SM-TLJ705,0,0,65.26
2668,411,1,18,65.26,3X Large & Tall (3XLT),SM-TLJ705,0,0,65.26
2669,411,1,19,65.26,4X Large & Tall (4XLT),SM-TLJ705,0,0,65.26
2670,412,1,1,29.98,Extra Small (XS),SM-LW701,0,0,29.98
2671,412,1,2,29.98,Small (S),SM-LW701,0,0,29.98
2672,412,1,3,29.98,Medium (M),SM-LW701,0,0,29.98
2673,412,1,4,29.98,Large (L),SM-LW701,0,0,29.98
2674,412,1,5,29.98,Extra Large (XL),SM-LW701,0,0,29.98
2675,412,1,6,29.98,2X Large (2XL),SM-LW701,0,0,29.98
2676,412,1,7,29.98,3X Large (3XL),SM-LW701,0,0,29.98
2677,412,1,8,29.98,4X Large (4XL),SM-LW701,0,0,29.98
2678,413,1,1,22.42,Extra Small (XS),SM-ST650,0,0,22.42
2679,413,1,2,22.42,Small (S),SM-ST650,0,0,22.42
2680,413,1,3,22.42,Medium (M),SM-ST650,0,0,22.42
2681,413,1,4,22.42,Large (L),SM-ST650,0,0,22.42
2682,413,1,5,22.42,Extra Large (XL),SM-ST650,0,0,22.42
2683,413,1,6,22.42,2X Large (2XL),SM-ST650,0,0,22.42
2684,413,1,7,22.42,3X Large (3XL),SM-ST650,0,0,22.42
2685,413,1,8,22.42,4X Large (4XL),SM-ST650,0,0,22.42
2686,413,1,9,22.42,5X Large (5XL),SM-ST650,0,0,22.42
2687,414,1,1,73.98,Extra Small (XS),SM-MM7101,0,0,73.98
2688,414,1,2,73.98,Small (S),SM-MM7101,0,0,73.98
2689,414,1,3,73.98,Medium (M),SM-MM7101,0,0,73.98
2690,414,1,4,73.98,Large (L),SM-MM7101,0,0,73.98
2691,414,1,5,73.98,Extra Large (XL),SM-MM7101,0,0,73.98
2692,414,1,6,73.98,2X Large (2XL),SM-MM7101,0,0,73.98
2693,414,1,7,73.98,3X Large (3XL),SM-MM7101,0,0,73.98
2694,414,1,8,73.98,4X Large (4XL),SM-MM7101,0,0,73.98
2695,415,1,1,28.98,Extra Small (XS),SM-S663,0,0,28.98
2696,415,1,2,28.98,Small (S),SM-S663,0,0,28.98
2697,415,1,3,28.98,Medium (M),SM-S663,0,0,28.98
2698,415,1,4,28.98,Large (L),SM-S663,0,0,28.98
2699,415,1,5,28.98,Extra Large (XL),SM-S663,0,0,28.98
2700,415,1,6,28.98,2X Large (2XL),SM-S663,0,0,28.98
2701,415,1,7,28.98,3X Large (3XL),SM-S663,0,0,28.98
2702,415,1,8,28.98,4X Large (4XL),SM-S663,0,0,28.98
2703,416,1,15,43.95,Large & Tall (LT),SM-TLJ317,0,0,43.95
2704,416,1,16,43.95,Extra Large & Tall (XLT),SM-TLJ317,0,0,43.95
2705,416,1,17,43.95,2X Large & Tall (2XLT),SM-TLJ317,0,0,43.95
2706,416,1,18,43.95,3X Large & Tall (3XLT),SM-TLJ317,0,0,43.95
2707,416,1,19,43.95,4X Large & Tall (4XLT),SM-TLJ317,0,0,43.95
2708,418,1,2,33,Small (S),SM-P180,0,0,33
2709,418,1,3,33,Medium (M),SM-P180,0,0,33
2710,418,1,4,33,Large (L),SM-P180,0,0,33
2711,418,1,5,33,Extra Large (XL),SM-P180,0,0,33
2712,418,1,6,33,2X Large (2XL),SM-P180,0,0,33
2713,419,1,2,7.34,Small (S),SM-PC54,0,0,7.34
2714,419,1,3,7.34,Medium (M),SM-PC54,0,0,7.34
2715,419,1,4,7.34,Large (L),SM-PC54,0,0,7.34
2716,419,1,5,7.34,Extra Large (XL),SM-PC54,0,0,7.34
2717,419,1,6,7.34,2X Large (2XL),SM-PC54,0,0,7.34
2718,419,1,7,7.34,3X Large (3XL),SM-PC54,0,0,7.34
2719,419,1,8,7.34,4X Large (4XL),SM-PC54,0,0,7.34
2720,419,1,9,7.34,5X Large (5XL),SM-PC54,0,0,7.34
2721,419,1,10,7.34,6X Large (6XL),SM-PC54,0,0,7.34
2722,420,1,2,6.08,Small (S),SM-PC55,0,0,6.08
2723,420,1,3,6.08,Medium (M),SM-PC55,0,0,6.08
2724,420,1,4,6.08,Large (L),SM-PC55,0,0,6.08
2725,420,1,5,6.08,Extra Large (XL),SM-PC55,0,0,6.08
2726,420,1,6,6.08,2X Large (2XL),SM-PC55,0,0,6.08
2727,420,1,7,6.08,3X Large (3XL),SM-PC55,0,0,6.08
2728,420,1,8,6.08,4X Large (4XL),SM-PC55,0,0,6.08
2729,420,1,9,6.08,5X Large (5XL),SM-PC55,0,0,6.08
2730,420,1,10,6.08,6X Large (6XL),SM-PC55,0,0,6.08
2731,421,1,2,6.82,Small (S),SM-PC61,0,0,6.82
2732,421,1,3,6.82,Medium (M),SM-PC61,0,0,6.82
2733,421,1,4,6.82,Large (L),SM-PC61,0,0,6.82
2734,421,1,5,6.82,Extra Large (XL),SM-PC61,0,0,6.82
2735,421,1,6,6.82,2X Large (2XL),SM-PC61,0,0,6.82
2736,421,1,7,6.82,3X Large (3XL),SM-PC61,0,0,6.82
2737,421,1,8,6.82,4X Large (4XL),SM-PC61,0,0,6.82
2738,421,1,9,6.82,5X Large (5XL),SM-PC61,0,0,6.82
2739,421,1,10,6.82,6X Large (6XL),SM-PC61,0,0,6.82
2740,422,1,15,24.42,Large & Tall (LT),SM-TST650,0,0,24.42
2741,422,1,16,24.42,Extra Large & Tall (XLT),SM-TST650,0,0,24.42
2742,422,1,17,24.42,2X Large & Tall (2XLT),SM-TST650,0,0,24.42
2743,422,1,18,24.42,3X Large & Tall (3XLT),SM-TST650,0,0,24.42
2744,422,1,19,24.42,4X Large & Tall (4XLT),SM-TST650,0,0,24.42
2745,423,1,15,28.98,Large & Tall (LT),SM-TLS608,0,0,28.98
2746,423,1,16,28.98,Extra Large & Tall (XLT),SM-TLS608,0,0,28.98
2747,423,1,17,28.98,2X Large & Tall (2XLT),SM-TLS608,0,0,28.98
2748,423,1,18,28.98,3X Large & Tall (3XLT),SM-TLS608,0,0,28.98
2749,423,1,19,28.98,4X Large & Tall (4XLT),SM-TLS608,0,0,28.98
2750,424,1,15,26.98,Large & Tall (LT),SM-TLK500LS,0,0,26.98
2751,424,1,16,26.98,Extra Large & Tall (XLT),SM-TLK500LS,0,0,26.98
2752,424,1,17,26.98,2X Large & Tall (2XLT),SM-TLK500LS,0,0,26.98
2753,424,1,18,26.98,3X Large & Tall (3XLT),SM-TLK500LS,0,0,26.98
2754,424,1,19,26.98,4X Large & Tall (4XLT),SM-TLK500LS,0,0,26.98
2755,425,1,15,29.98,Large & Tall (LT),SM-TLK455,0,0,29.98
2756,425,1,16,29.98,Extra Large & Tall (XLT),SM-TLK455,0,0,29.98
2757,425,1,17,29.98,2X Large & Tall (2XLT),SM-TLK455,0,0,29.98
2758,425,1,18,29.98,3X Large & Tall (3XLT),SM-TLK455,0,0,29.98
2759,425,1,19,29.98,4X Large & Tall (4XLT),SM-TLK455,0,0,29.98
2760,426,1,15,22.98,Large & Tall (LT),SM-TLK500P,0,0,22.98
2761,426,1,16,22.98,Extra Large & Tall (XLT),SM-TLK500P,0,0,22.98
2762,426,1,17,22.98,2X Large & Tall (2XLT),SM-TLK500P,0,0,22.98
2763,426,1,18,22.98,3X Large & Tall (3XLT),SM-TLK500P,0,0,22.98
2764,426,1,19,22.98,4X Large & Tall (4XLT),SM-TLK500P,0,0,22.98
2765,427,1,15,65.26,Large & Tall (LT),SM-TLJ790,0,0,65.26
2766,427,1,16,65.26,Extra Large & Tall (XLT),SM-TLJ790,0,0,65.26
2767,427,1,17,65.26,2X Large & Tall (2XLT),SM-TLJ790,0,0,65.26
2768,427,1,18,65.26,3X Large & Tall (3XLT),SM-TLJ790,0,0,65.26
2769,427,1,19,65.26,4X Large & Tall (4XLT),SM-TLJ790,0,0,65.26
2770,428,1,15,15.98,Large & Tall (LT),SM-TLK100,0,0,15.98
2771,428,1,16,15.98,Extra Large & Tall (XLT),SM-TLK100,0,0,15.98
2772,428,1,17,15.98,2X Large & Tall (2XLT),SM-TLK100,0,0,15.98
2773,428,1,18,15.98,3X Large & Tall (3XLT),SM-TLK100,0,0,15.98
2774,428,1,19,15.98,4X Large & Tall (4XLT),SM-TLK100,0,0,15.98
2775,429,1,15,23.98,Large & Tall (LT),SM-TW100,0,0,23.98
2776,429,1,16,23.98,Extra Large & Tall (XLT),SM-TW100,0,0,23.98
2777,429,1,17,23.98,2X Large & Tall (2XLT),SM-TW100,0,0,23.98
2778,429,1,18,23.98,3X Large & Tall (3XLT),SM-TW100,0,0,23.98
2779,429,1,19,23.98,4X Large & Tall (4XLT),SM-TW100,0,0,23.98
2780,430,1,15,30.98,Large & Tall (LT),SM-TS663,0,0,30.98
2781,430,1,16,30.98,Extra Large & Tall (XLT),SM-TS663,0,0,30.98
2782,430,1,17,30.98,2X Large & Tall (2XLT),SM-TS663,0,0,30.98
2783,430,1,18,30.98,3X Large & Tall (3XLT),SM-TS663,0,0,30.98
2784,430,1,19,30.98,4X Large & Tall (4XLT),SM-TS663,0,0,30.98
2785,431,1,15,33.98,Large & Tall (LT),SM-TLS600T,0,0,33.98
2786,431,1,16,33.98,Extra Large & Tall (XLT),SM-TLS600T,0,0,33.98
2787,431,1,17,33.98,2X Large & Tall (2XLT),SM-TLS600T,0,0,33.98
2788,431,1,18,33.98,3X Large & Tall (3XLT),SM-TLS600T,0,0,33.98
2789,431,1,19,33.98,4X Large & Tall (4XLT),SM-TLS600T,0,0,33.98
2790,432,1,15,34.98,Large & Tall (LT),SM-TS658,0,0,34.98
2791,432,1,16,34.98,Extra Large & Tall (XLT),SM-TS658,0,0,34.98
2792,432,1,17,34.98,2X Large & Tall (2XLT),SM-TS658,0,0,34.98
2793,432,1,18,34.98,3X Large & Tall (3XLT),SM-TS658,0,0,34.98
2794,432,1,19,34.98,4X Large & Tall (4XLT),SM-TS658,0,0,34.98
2795,433,1,1,12.98,Extra Small (XS),SM-Y100,0,0,12.98
2796,433,1,2,12.98,Small (S),SM-Y100,0,0,12.98
2797,433,1,3,12.98,Medium (M),SM-Y100,0,0,12.98
2798,433,1,4,12.98,Large (L),SM-Y100,0,0,12.98
2799,433,1,5,12.98,Extra Large (XL),SM-Y100,0,0,12.98
2800,434,1,15,26.98,Large & Tall (LT),SM-TLS508,0,0,26.98
2801,434,1,16,26.98,Extra Large & Tall (XLT),SM-TLS508,0,0,26.98
2802,434,1,17,26.98,2X Large & Tall (2XLT),SM-TLS508,0,0,26.98
2803,434,1,18,26.98,3X Large & Tall (3XLT),SM-TLS508,0,0,26.98
2804,434,1,19,26.98,4X Large & Tall (4XLT),SM-TLS508,0,0,26.98
2805,435,1,15,30.54,Large & Tall (LT),SM-TLK527,0,0,30.54
2806,435,1,16,30.54,Extra Large & Tall (XLT),SM-TLK527,0,0,30.54
2807,435,1,17,30.54,2X Large & Tall (2XLT),SM-TLK527,0,0,30.54
2808,435,1,18,30.54,3X Large & Tall (3XLT),SM-TLK527,0,0,30.54
2809,435,1,19,30.54,4X Large & Tall (4XLT),SM-TLK527,0,0,30.54
2810,436,1,15,21.98,Large & Tall (LT),SM-TLK510,0,0,21.98
2811,436,1,16,21.98,Extra Large & Tall (XLT),SM-TLK510,0,0,21.98
2812,436,1,17,21.98,2X Large & Tall (2XLT),SM-TLK510,0,0,21.98
2813,436,1,18,21.98,3X Large & Tall (3XLT),SM-TLK510,0,0,21.98
2814,436,1,19,21.98,4X Large & Tall (4XLT),SM-TLK510,0,0,21.98
2815,437,1,15,22.38,Large & Tall (LT),SM-TLK420,0,0,22.38
2816,437,1,16,22.38,Extra Large & Tall (XLT),SM-TLK420,0,0,22.38
2817,437,1,17,22.38,2X Large & Tall (2XLT),SM-TLK420,0,0,22.38
2818,437,1,18,22.38,3X Large & Tall (3XLT),SM-TLK420,0,0,22.38
2819,437,1,19,22.38,4X Large & Tall (4XLT),SM-TLK420,0,0,22.38
2820,438,1,15,9.98,Large & Tall (LT),SM-TST350,0,0,9.98
2821,438,1,16,9.98,Extra Large & Tall (XLT),SM-TST350,0,0,9.98
2822,438,1,17,9.98,2X Large & Tall (2XLT),SM-TST350,0,0,9.98
2823,438,1,18,9.98,3X Large & Tall (3XLT),SM-TST350,0,0,9.98
2824,438,1,19,9.98,4X Large & Tall (4XLT),SM-TST350,0,0,9.98
2825,439,1,15,19.98,Large & Tall (LT),SM-TLK500,0,0,19.98
2826,439,1,16,19.98,Extra Large & Tall (XLT),SM-TLK500,0,0,19.98
2827,439,1,17,19.98,2X Large & Tall (2XLT),SM-TLK500,0,0,19.98
2828,439,1,18,19.98,3X Large & Tall (3XLT),SM-TLK500,0,0,19.98
2829,439,1,19,19.98,4X Large & Tall (4XLT),SM-TLK500,0,0,19.98
2830,440,1,15,25.98,Large & Tall (LT),SM-TST655,0,0,25.98
2831,440,1,16,25.98,Extra Large & Tall (XLT),SM-TST655,0,0,25.98
2832,440,1,17,25.98,2X Large & Tall (2XLT),SM-TST655,0,0,25.98
2833,440,1,18,25.98,3X Large & Tall (3XLT),SM-TST655,0,0,25.98
2834,440,1,19,25.98,4X Large & Tall (4XLT),SM-TST655,0,0,25.98
2835,441,1,15,17.18,Large & Tall (LT),SM-TLK540,0,0,17.18
2836,441,1,16,17.18,Extra Large & Tall (XLT),SM-TLK540,0,0,17.18
2837,441,1,17,17.18,2X Large & Tall (2XLT),SM-TLK540,0,0,17.18
2838,441,1,18,17.18,3X Large & Tall (3XLT),SM-TLK540,0,0,17.18
2839,441,1,19,17.18,4X Large & Tall (4XLT),SM-TLK540,0,0,17.18
2840,442,1,1,35.98,Extra Small (XS),SM-OG150,0,0,35.98
2841,442,1,2,35.98,Small (S),SM-OG150,0,0,35.98
2842,442,1,3,35.98,Medium (M),SM-OG150,0,0,35.98
2843,442,1,4,35.98,Large (L),SM-OG150,0,0,35.98
2844,442,1,5,35.98,Extra Large (XL),SM-OG150,0,0,35.98
2845,442,1,6,35.98,2X Large (2XL),SM-OG150,0,0,35.98
2846,442,1,7,35.98,3X Large (3XL),SM-OG150,0,0,35.98
2847,442,1,8,35.98,4X Large (4XL),SM-OG150,0,0,35.98
2848,443,1,15,39.98,Large & Tall (LT),SM-TST850,0,0,39.98
2849,443,1,16,39.98,Extra Large & Tall (XLT),SM-TST850,0,0,39.98
2850,443,1,17,39.98,2X Large & Tall (2XLT),SM-TST850,0,0,39.98
2851,443,1,18,39.98,3X Large & Tall (3XLT),SM-TST850,0,0,39.98
2852,443,1,19,39.98,4X Large & Tall (4XLT),SM-TST850,0,0,39.98
2853,444,1,15,23.98,Large & Tall (LT),SM-TLCS418,0,0,23.98
2854,444,1,16,23.98,Extra Large & Tall (XLT),SM-TLCS418,0,0,23.98
2855,444,1,17,23.98,2X Large & Tall (2XLT),SM-TLCS418,0,0,23.98
2856,444,1,18,23.98,3X Large & Tall (3XLT),SM-TLCS418,0,0,23.98
2857,444,1,19,23.98,4X Large & Tall (4XLT),SM-TLCS418,0,0,23.98
2860,154,1,1,120,Extra Small (XS),BB18601,14,0,120
2861,154,1,2,120,Small (S),BB18601,14,0,120
2862,154,1,3,120,Medium (M),BB18601,14,0,120
2863,154,1,4,120,Large (L),BB18601,14,0,120
2864,154,1,5,120,Extra Large (XL),BB18601,14,0,120
2865,154,1,6,120,2X Large (2XL),BB18601,14,0,120
2866,154,1,7,120,3X Large (3XL),BB18601,14,2,122
2867,154,1,8,120,4X Large (4XL),BB18601,14,5,125